html_path,html_title,md_match_count,best_score,match_type,best_md_path,best_md_title,all_matches
audio\index.html,"Theophysics Audio — Narrated Papers, Stories & Deep Dives",0,,,,,
Axiom Layer\axioms-closure.html,Closure & Omega — Proof Explorer — Theophysics,0,,,,,
Axiom Layer\axioms-layer-0-core.html,Canonical Axiom Foundation — Proof Explorer,0,,,,,
Axiom Layer\axioms-layer-2-derived.html,Derived Chain Claims — Proof Explorer,0,,,,,
Axiom Layer\axioms-layer-3-extended.html,Extended Boundary Model — Proof Explorer,0,,,,,
Axiom Layer\fp-005-enhanced.html,FP-005 | Enhanced Proof Explorer — 6-Layer Stack,0,,,,,
Axiom Layer\fp-005.html,FP-005 | The Resurrection Paper — Proof Explorer,0,,,,,
blue\derivatives.html,What the Laws Produce | Derivative Families · David Lowe,0,,,,,
blue\evolution-probe.html,The Evolution Probe | Three Mathematical Killshots · David Lowe,0,,,,,
blue\god-in-the-equations.html,God in the Equations | The Ten Laws · David Lowe,0,,,,,
blue\gold-standard-test-battery.html,Gold Standard Test Battery | David Lowe,0,,,,,
blue\i-didnt-write-the-math.html,I Didn't Write the Math. I Found It. | David Lowe,0,,,,,
blue\index.html,Where All This Came From | David Lowe · Family Briefing,0,,,,,
blue\lowe-coherence-lagrangian.html,The Lowe Coherence Lagrangian | David Lowe,1,80,contains-title,O:\Vault\_ Theophysics_Case_for_Christ\_CANNON\02_MASTER_EQUATION\Lucrangian\02_The_Lowe_Coherence_Lagrangian.md,02_The_Lowe_Coherence_Lagrangian,80:O:\Vault\_ Theophysics_Case_for_Christ\_CANNON\02_MASTER_EQUATION\Lucrangian\02_The_Lowe_Coherence_Lagrangian.md
blue\math-is-moral.html,Math Is Moral | David Lowe,0,,,,,
blue\maxwell-truth-isomorphism.html,Maxwell–Truth Field Isomorphism | David Lowe,0,,,,,
blue\six_proofs.html,Six Computational Proofs | David Lowe,0,,,,,
blue\the-same-equation.html,The Same Equation | David Lowe,0,,,,,
components\mtl-reader-bar.html,mtl-reader-bar,0,,,,,
components\tp-pill-player-bar-snippet.html,tp-pill-player-bar-snippet,0,,,,,
components\tp-pill-player-bar.html,tp-pill-player-bar,0,,,,,
components\tp-pill-player.html,TP Pill-Strip Audio Player,0,,,,,
convergence-deep\cdt-01-math-is-moral.html,Math Is Moral | Deep Theory CDT-01 | Theophysics,0,,,,,
convergence-deep\cdt-02-the-maxwell-moment.html,DT002 — The Maxwell Moment | Convergence Deep Theory,0,,,,,
convergence-deep\cdt-03-the-energy-that-doesnt-run-out.html,DT003 — The Energy That Doesn't Run Out | Theophysics,0,,,,,
convergence-deep\cdt-04-the-map-that-drew-itself.html,DT004 — The Map That Drew Itself | Theophysics Convergence,0,,,,,
convergence-deep\cdt-05-the-24-anti-properties.html,The 24 Anti-Properties | Deep Theory · Theophysics,0,,,,,
convergence-deep\cdt-06-it-from-bit-from-logos.html,It from Bit from Logos | Deep Theory CDT-06 | Theophysics,0,,,,,
convergence-deep\index.html,The Convergence: Deep Theory | Theophysics,0,,,,,
convergence-series\cns-01-the-playing-field.html,01 · The Playing Field — The Convergence Series,0,,,,,
convergence-series\cns-02-the-evidence.html,02 · The Evidence — The Convergence Series,0,,,,,
convergence-series\cns-03-why-math-works.html,03 · Why Math Works — The Convergence Series,0,,,,,
convergence-series\cns-04-the-paradigm-graveyard.html,04 · The Paradigm Graveyard — The Convergence Series,0,,,,,
convergence-series\cns-05-the-judgment-layer.html,05 · The Judgment Layer — The Convergence Series,0,,,,,
convergence-series\cns-06-the-priority-of-goodness.html,06 · The Priority of Goodness — The Convergence Series,0,,,,,
convergence-series\cns-07-the-verdict.html,07 · The Verdict — The Convergence Series,0,,,,,
convergence-series\index.html,The Convergence Series | Theophysics,0,,,,,
equation\index-kimi.html,Master Equation — Theophysics,5,80,contains-title,O:\Vault\_ Theophysics_Case_for_Christ\_CANNON\02_MASTER_EQUATION\Lucrangian\01_The_Master_Equation_Framework.md,01_The_Master_Equation_Framework,80:O:\Vault\_ Theophysics_Case_for_Christ\_CANNON\02_MASTER_EQUATION\Lucrangian\01_The_Master_Equation_Framework.md; 80:O:\Vault\_ Theophysics_Case_for_Christ\_CANNON\02_MASTER_EQUATION\master-equation-canonical.md; 80:O:\Vault\_ Theophysics_Case_for_Christ\_CANNON\02_MASTER_EQUATION\MASTER_EQUATION_FIELD_LAGRANGIAN_v4.md; 80:O:\Vault\_ Theophysics_Case_for_Christ\cannon_math_proof_vectorize_20260518\MASTER_EQUATION_SYMBOL_LOCK.md; 80:O:\Vault\_ Theophysics_Case_for_Christ\Today\01-Question-Layer\cannon_math_proof_vectorize_20260518\MASTER_EQUATION_SYMBOL_LOCK.md
equation\index.html,Master Equation Explorer — Theophysics,0,,,,,
equation\Master EQ vs1.html,The Master Equation — Physics and Faith as One Story,0,,,,,
equation\master_story_index_backup.html,The Master Story — Theophysics Narrative Index,0,,,,,
genesis-to-quantum\_link-fix-backup-2026-05-05-2124\gtq-01-measurement-collapsed-reality.html,GTQ-01 The Measurement That Collapsed Reality — Genesis to Quantum,0,,,,,
genesis-to-quantum\_link-fix-backup-2026-05-05-2124\gtq-01a-collapse-threshold.html,The Collapse Threshold | GTQ Tangent 01A,0,,,,,
genesis-to-quantum\_link-fix-backup-2026-05-05-2124\gtq-02-the-first-quantum-state.html,Article 02: The First Quantum State — Genesis to Quantum,0,,,,,
genesis-to-quantum\_link-fix-backup-2026-05-05-2124\gtq-03-free-will-two-frames.html,Article 03: Free Will in Two Frames — Genesis to Quantum,1,80,contains-title,O:\Vault\_ Theophysics_Case_for_Christ\_CONCEPTS\Free-Will.md,Free-Will,80:O:\Vault\_ Theophysics_Case_for_Christ\_CONCEPTS\Free-Will.md
genesis-to-quantum\_link-fix-backup-2026-05-05-2124\gtq-03a-macarthur-and-the-equation.html,GTQ 03A: MacArthur and the Equation | Genesis to Quantum,0,,,,,
genesis-to-quantum\_link-fix-backup-2026-05-05-2124\gtq-03b-the-three-pathways.html,The Three Pathways — Genesis to Quantum,0,,,,,
genesis-to-quantum\_link-fix-backup-2026-05-05-2124\gtq-03c-why-god-drowned-everybody.html,Why God Drowned Everybody — Genesis to Quantum,0,,,,,
genesis-to-quantum\_link-fix-backup-2026-05-05-2124\gtq-04-the-day-time-began.html,Article 04: The Day Time Began — Genesis to Quantum,0,,,,,
genesis-to-quantum\_link-fix-backup-2026-05-05-2124\gtq-04a-the-decoherence-curve.html,The Decoherence Curve - GTQ Tangent 04A,0,,,,,
genesis-to-quantum\_link-fix-backup-2026-05-05-2124\gtq-04b-how-lies-kill.html,How Lies Kill — Genesis to Quantum,0,,,,,
genesis-to-quantum\_link-fix-backup-2026-05-05-2124\gtq-05-the-substrate-fractured.html,Article 05: The Substrate Fractured — Genesis to Quantum,0,,,,,
genesis-to-quantum\_link-fix-backup-2026-05-05-2124\gtq-05a-trinity-mechanism.html,The Trinity Mechanism — Genesis to Quantum,0,,,,,
genesis-to-quantum\_link-fix-backup-2026-05-05-2124\gtq-05b-trinity-timeline.html,The Trinity Timeline — Genesis to Quantum,0,,,,,
genesis-to-quantum\_link-fix-backup-2026-05-05-2124\gtq-05c-why-physics-is-broken-in-two.html,Why Physics Is Broken in Two — Genesis to Quantum,0,,,,,
genesis-to-quantum\_link-fix-backup-2026-05-05-2124\gtq-06-why-reality-needs-three.html,Article 06: Why Reality Needs Three — Genesis to Quantum,0,,,,,
genesis-to-quantum\_link-fix-backup-2026-05-05-2124\gtq-07-the-photon-isnt-watching.html,Article 07: Why the Photon Isn't Watching You Back — Genesis to Quantum,0,,,,,
genesis-to-quantum\_link-fix-backup-2026-05-05-2124\gtq-07a-empirical-testing.html,Empirical Testing of the Master Equation — Genesis to Quantum,0,,,,,
genesis-to-quantum\_link-fix-backup-2026-05-05-2124\gtq-08-god-doesnt-need-a-clock.html,Article 08: The Eraser and the Cross — Genesis to Quantum,0,,,,,
genesis-to-quantum\_link-fix-backup-2026-05-05-2124\gtq-08a-the-temporal-trap.html,The Temporal Trap · Genesis to Quantum Tangent 08A,0,,,,,
genesis-to-quantum\_link-fix-backup-2026-05-05-2124\gtq-08b-how-god-restores.html,How God Restores — Genesis to Quantum,0,,,,,
genesis-to-quantum\_link-fix-backup-2026-05-05-2124\gtq-08c-science-behind-restoration.html,The Science Behind Restoration — Genesis to Quantum,0,,,,,
genesis-to-quantum\_link-fix-backup-2026-05-05-2124\gtq-09-same-god-both-testaments.html,Article 09: The Same God in Both Testaments — Genesis to Quantum,0,,,,,
genesis-to-quantum\_link-fix-backup-2026-05-05-2124\gtq-09a-regime-dependent-theology.html,Regime-Dependent Theology — Genesis to Quantum,0,,,,,
genesis-to-quantum\_link-fix-backup-2026-05-05-2124\gtq-09b-civilizational-decay.html,Isomorphism & Civilizational Decay — Genesis to Quantum,0,,,,,
genesis-to-quantum\_link-fix-backup-2026-05-05-2124\gtq-10-the-counter-move.html,Article 10: The Counter-Move — Genesis to Quantum,0,,,,,
genesis-to-quantum\_link-fix-backup-2026-05-05-2124\gtq-10a-why-the-pattern-is-the-signal.html,Why the Pattern Is the Signal — Genesis to Quantum,0,,,,,
genesis-to-quantum\Archive\gtq-02-the-first-quantum-state.html,Article 02: The First Quantum State — Genesis to Quantum,0,,,,,
genesis-to-quantum\bridges.html,Bridge Registry — Genesis to Quantum,0,,,,,
genesis-to-quantum\CODEX_BUILD\examples\gtq-01-finished.html,GTQ-01 The Measurement That Collapsed Reality — Genesis to Quantum,0,,,,,
genesis-to-quantum\CODEX_BUILD\examples\gtq-02-finished.html,GTQ-02 The First Quantum State — Genesis to Quantum,0,,,,,
genesis-to-quantum\CODEX_BUILD\template-main.html,[[GTQ-XX]] [[ARTICLE TITLE]] — Genesis to Quantum,0,,,,,
genesis-to-quantum\gtq-01-measurement-collapsed-reality-N.html,Article 01: The Measurement That Collapsed Reality — Genesis to Quantum,0,,,,,
genesis-to-quantum\gtq-01-measurement-collapsed-reality.html,Article 01: The Measurement That Collapsed Reality — Genesis to Quantum,0,,,,,
genesis-to-quantum\gtq-01-OPTION-A-bg-hero.html,Article 01: The Measurement That Collapsed Reality — Genesis to Quantum,0,,,,,
genesis-to-quantum\gtq-01-OPTION-B-img-hero.html,Article 01: The Measurement That Collapsed Reality — Genesis to Quantum,0,,,,,
genesis-to-quantum\gtq-01a-collapse-threshold.html,The Collapse Threshold | GTQ Tangent 01A,0,,,,,
genesis-to-quantum\gtq-02-collapse-threshold.html,GTQ-02 The Collapse Threshold — Genesis to Quantum,0,,,,,
genesis-to-quantum\gtq-02-the-first-quantum-state.html,GTQ-02 The First Quantum State — Genesis to Quantum,0,,,,,
genesis-to-quantum\gtq-03-first-quantum-state.html,GTQ-03 The First Quantum State — Genesis to Quantum,0,,,,,
genesis-to-quantum\gtq-03-free-will-two-frames.html,Article 03: Free Will in Two Frames — Genesis to Quantum,1,80,contains-title,O:\Vault\_ Theophysics_Case_for_Christ\_CONCEPTS\Free-Will.md,Free-Will,80:O:\Vault\_ Theophysics_Case_for_Christ\_CONCEPTS\Free-Will.md
genesis-to-quantum\gtq-03a-macarthur-and-the-equation.html,GTQ 03A: MacArthur and the Equation | Genesis to Quantum,0,,,,,
genesis-to-quantum\gtq-03b-the-three-pathways.html,The Three Pathways — Genesis to Quantum,0,,,,,
genesis-to-quantum\gtq-03c-why-god-drowned-everybody.html,Why God Drowned Everybody — Genesis to Quantum,0,,,,,
genesis-to-quantum\gtq-04-free-will-two-frames.html,GTQ-04 Free Will in Two Frames — Genesis to Quantum,1,80,contains-title,O:\Vault\_ Theophysics_Case_for_Christ\_CONCEPTS\Free-Will.md,Free-Will,80:O:\Vault\_ Theophysics_Case_for_Christ\_CONCEPTS\Free-Will.md
genesis-to-quantum\gtq-04-the-day-time-began.html,Article 04: The Day Time Began — Genesis to Quantum,0,,,,,
genesis-to-quantum\gtq-04a-the-decoherence-curve.html,The Decoherence Curve - GTQ Tangent 04A,0,,,,,
genesis-to-quantum\gtq-04b-how-lies-kill.html,How Lies Kill — Genesis to Quantum,0,,,,,
genesis-to-quantum\gtq-05-macarthur-and-the-equation.html,GTQ-05 MacArthur and the Equation — Genesis to Quantum,0,,,,,
genesis-to-quantum\gtq-05-macarthur-equation.html,GTQ-05 MacArthur and the Equation — Genesis to Quantum,0,,,,,
genesis-to-quantum\gtq-05-the-substrate-fractured.html,Article 05: The Substrate Fractured — Genesis to Quantum,0,,,,,
genesis-to-quantum\gtq-05a-trinity-mechanism.html,The Trinity Mechanism — Genesis to Quantum,0,,,,,
genesis-to-quantum\gtq-05b-trinity-timeline.html,The Trinity Timeline — Genesis to Quantum,0,,,,,
genesis-to-quantum\gtq-05c-why-physics-is-broken-in-two.html,Why Physics Is Broken in Two — Genesis to Quantum,0,,,,,
genesis-to-quantum\gtq-06-three-pathways.html,GTQ-06 The Three Pathways — Genesis to Quantum,0,,,,,
genesis-to-quantum\gtq-06-why-reality-needs-three.html,Article 06: Why Reality Needs Three — Genesis to Quantum,0,,,,,
genesis-to-quantum\gtq-07-the-photon-isnt-watching.html,Article 07: Why the Photon Isn't Watching You Back — Genesis to Quantum,0,,,,,
genesis-to-quantum\gtq-07-why-god-drowned-everybody.html,GTQ-07 Why Did God Drown Everybody? — Genesis to Quantum,0,,,,,
genesis-to-quantum\gtq-07a-empirical-testing.html,Empirical Testing of the Master Equation — Genesis to Quantum,0,,,,,
genesis-to-quantum\gtq-08-day-time-began.html,GTQ-08 The Day Time Began — Genesis to Quantum,0,,,,,
genesis-to-quantum\gtq-08-god-doesnt-need-a-clock.html,Article 08: The Eraser and the Cross — Genesis to Quantum,0,,,,,
genesis-to-quantum\gtq-08a-the-temporal-trap.html,The Temporal Trap · Genesis to Quantum Tangent 08A,0,,,,,
genesis-to-quantum\gtq-08b-how-god-restores.html,How God Restores — Genesis to Quantum,0,,,,,
genesis-to-quantum\gtq-08c-science-behind-restoration.html,The Science Behind Restoration — Genesis to Quantum,0,,,,,
genesis-to-quantum\gtq-09-decoherence-curve.html,GTQ-09 The Decoherence Curve — Genesis to Quantum,0,,,,,
genesis-to-quantum\gtq-09-same-god-both-testaments.html,Article 09: The Same God in Both Testaments — Genesis to Quantum,0,,,,,
genesis-to-quantum\gtq-09a-regime-dependent-theology.html,Regime-Dependent Theology — Genesis to Quantum,0,,,,,
genesis-to-quantum\gtq-09b-civilizational-decay.html,Isomorphism & Civilizational Decay — Genesis to Quantum,0,,,,,
genesis-to-quantum\gtq-10-how-lies-kill.html,GTQ-10 How Lies Kill — Genesis to Quantum,0,,,,,
genesis-to-quantum\gtq-10-the-counter-move.html,Article 10: The Counter-Move — Genesis to Quantum,0,,,,,
genesis-to-quantum\gtq-10a-why-the-pattern-is-the-signal.html,Why the Pattern Is the Signal — Genesis to Quantum,0,,,,,
genesis-to-quantum\gtq-11-substrate-fractured.html,GTQ-11 The Substrate Fractured — Genesis to Quantum,0,,,,,
genesis-to-quantum\gtq-12-trinity-mechanism.html,GTQ-12 The Trinity Mechanism — Genesis to Quantum,0,,,,,
genesis-to-quantum\gtq-13-trinity-timeline.html,GTQ-13 The Trinity Timeline — Genesis to Quantum,0,,,,,
genesis-to-quantum\gtq-14-physics-broken-in-two.html,GTQ-14 Why Physics Is Broken in Two — Genesis to Quantum,0,,,,,
genesis-to-quantum\gtq-15-reality-needs-three.html,GTQ-15 Why Reality Needs Three — Genesis to Quantum,0,,,,,
genesis-to-quantum\gtq-15-why-reality-needs-three.html,GTQ-15 Why Reality Needs Three — Genesis to Quantum,0,,,,,
genesis-to-quantum\gtq-16-photon-isnt-watching.html,GTQ-16 The Photon Isn't Watching You Back — Genesis to Quantum,0,,,,,
genesis-to-quantum\gtq-17-ran-the-numbers.html,GTQ-17 We Actually Ran the Numbers — Genesis to Quantum,0,,,,,
genesis-to-quantum\gtq-18-eraser-and-cross.html,GTQ-18 The Eraser and the Cross — Genesis to Quantum,0,,,,,
genesis-to-quantum\gtq-18-eraser-and-the-cross.html,GTQ-18 The Eraser and the Cross — Genesis to Quantum,0,,,,,
genesis-to-quantum\gtq-19-temporal-trap.html,GTQ-19 The Temporal Trap — Genesis to Quantum,0,,,,,
genesis-to-quantum\gtq-20-how-god-restores.html,GTQ-20 How God Restores — Genesis to Quantum,0,,,,,
genesis-to-quantum\gtq-21-science-behind-restoration.html,GTQ-21 The Science Behind the Restoration — Genesis to Quantum,0,,,,,
genesis-to-quantum\gtq-22-same-god-both-testaments.html,GTQ-22 The Same God in Both Testaments — Genesis to Quantum,0,,,,,
genesis-to-quantum\gtq-23-regime-dependent-theology.html,GTQ-23 The Structural Case for Regime-Dependent Theology — Genesis to Quantum,0,,,,,
genesis-to-quantum\gtq-24-societies-die-same-way.html,GTQ-24 Societies Die the Same Way People Do — Genesis to Quantum,0,,,,,
genesis-to-quantum\gtq-24-societies-die.html,GTQ-24 Societies Die the Same Way People Do — Genesis to Quantum,0,,,,,
genesis-to-quantum\gtq-25-counter-move.html,GTQ-25 The Counter-Move — Genesis to Quantum,0,,,,,
genesis-to-quantum\gtq-26-pattern-is-the-signal.html,GTQ-26 Why the Pattern Is the Signal — Genesis to Quantum,0,,,,,
genesis-to-quantum\index-gtq.html,Genesis to Quantum — A Unified Framework | Theophysics,0,,,,,
genesis-to-quantum\index.html,Genesis to Quantum — The Core Series,0,,,,,
genesis-to-quantum\intro\gtq-01-measurement-collapsed-reality-N.html,Article 01: The Measurement That Collapsed Reality — Genesis to Quantum,0,,,,,
genesis-to-quantum\intro\index.html,Genesis to Quantum — The Core Series,0,,,,,
genesis-to-quantum\intro\information-theoretic-form.html,Genesis to Quantum — Information-Theoretic Form,0,,,,,
genesis-to-quantum\intro\paper-template.html,LOWE FACTS+UADP v2.0 — Paper Template | Theophysics,0,,,,,
genesis-to-quantum\intro\theophysics-blackboard.html,Theophysics Blackboard — Visual Sketch Generator,0,,,,,
genesis-to-quantum\iso\iso-001-gravity-sin.html,ISO-001: Gravity ↔ Sin | Theophysics Registry,0,,,,,
genesis-to-quantum\iso\iso-002-superposition-eden.html,ISO-002: Quantum Superposition ↔ Edenic Moral State | Theophysics Registry,0,,,,,
genesis-to-quantum\iso\iso-003-collapse-fall.html,ISO-003: Wavefunction Collapse ↔ The Fall | Theophysics Registry,0,,,,,
genesis-to-quantum\iso\iso-004-born-rule-trinity.html,ISO-004: Born Rule Triad ↔ The Trinity | Theophysics Registry,0,,,,,
genesis-to-quantum\iso\iso-005-decoherence-lifespan.html,ISO-005: Decoherence ↔ Lifespan | Theophysics Registry,0,,,,,
genesis-to-quantum\iso\iso-006-coherence-salvation.html,ISO-006: Coherence Equation ↔ Salvation/Sanctification | Theophysics Registry,0,,,,,
genesis-to-quantum\iso\iso-007-substrate-fracture.html,ISO-007: GR/QM Incompatibility ↔ The Substrate Fracture | Theophysics Registry,0,,,,,
genesis-to-quantum\iso\iso-008-eraser-atonement.html,ISO-008: Delayed-Choice Quantum Eraser ↔ Retrocausal Atonement | Theophysics Registry,0,,,,,
genesis-to-quantum\iso\iso-009-entropy-wages-sin.html,"ISO-009: Boltzmann Entropy ↔ ""The Wages of Sin Is Death"" | Theophysics Registry",0,,,,,
genesis-to-quantum\iso\iso-011-seven-attacks-counters.html,ISO-011: Seven Genesis 3 Attacks ↔ Seven Cross Counter-Moves | Theophysics Registry,0,,,,,
genesis-to-quantum\template-deepdive.html,[[GTQ-XX]] [[ARTICLE TITLE]] — Genesis to Quantum,0,,,,,
genesis-to-quantum\template-main.html,[[GTQ-XX]] [[ARTICLE TITLE]] — Genesis to Quantum,0,,,,,
genesis-to-quantum\the-93-year-floor.html,The 93-Year Floor | Theophysics,0,,,,,
genesis-to-quantum\video-library.html,Video Library — Genesis to Quantum,0,,,,,
glossary\index-kimi.html,Theophysical Lexicon — Theophysics,0,,,,,
glossary\index.html,THEOPHYSICS — Glossary of the Fractured Substrate,0,,,,,
image-registry.html,Redirecting to Media Library…,0,,,,,
index.html,Faith Through Physics — Where Physics Meets Genesis,0,,,,,
isomorphism\00_readme.html,00_README,0,,,,,
isomorphism\evidence-three-way-isomorphism.html,EVIDENCE — Three-Way Isomorphism (43.6 Bits),0,,,,,
isomorphism\index.html,Isomorphism Explorer — Theophysics,0,,,,,
isomorphism\iso-001-gravity-sin.html,ISO-001: Gravity ↔ Sin | Theophysics Registry,0,,,,,
isomorphism\iso-001_trinity_mathematical_structure.html,ISO-001_Trinity_Mathematical_Structure,0,,,,,
isomorphism\iso-002-superposition-eden.html,ISO-002: Quantum Superposition ↔ Edenic Moral State | Theophysics Registry,0,,,,,
isomorphism\iso-002_terminus_sui_grace.html,ISO-002_Terminus_Sui_Grace,0,,,,,
isomorphism\iso-003-collapse-fall.html,ISO-003: Wavefunction Collapse ↔ The Fall | Theophysics Registry,0,,,,,
isomorphism\iso-003_entropy_sin.html,ISO-003_Entropy_Sin,0,,,,,
isomorphism\iso-004-born-rule-trinity.html,ISO-004: Born Rule Triad ↔ The Trinity | Theophysics Registry,0,,,,,
isomorphism\iso-004_quantum_collapse_fall.html,ISO-004_Quantum_Collapse_Fall,0,,,,,
isomorphism\iso-005-decoherence-lifespan.html,ISO-005: Decoherence ↔ Lifespan | Theophysics Registry,0,,,,,
isomorphism\iso-005_fiat_phantom_energy.html,ISO-005_Fiat_Phantom_Energy,0,,,,,
isomorphism\iso-006-coherence-salvation.html,ISO-006: Coherence Equation ↔ Salvation/Sanctification | Theophysics Registry,0,,,,,
isomorphism\iso-006_information_primacy.html,ISO-006_Information_Primacy,0,,,,,
isomorphism\iso-007-substrate-fracture.html,ISO-007: GR/QM Incompatibility ↔ The Substrate Fracture | Theophysics Registry,0,,,,,
isomorphism\iso-007_self_grounding_substrate.html,ISO-007_Self_Grounding_Substrate,0,,,,,
isomorphism\iso-008-eraser-atonement.html,ISO-008: Delayed-Choice Quantum Eraser ↔ Retrocausal Atonement | Theophysics Registry,0,,,,,
isomorphism\iso-008_coherence_order.html,ISO-008_Coherence_Order,0,,,,,
isomorphism\iso-009-entropy-wages-sin.html,"ISO-009: Boltzmann Entropy ↔ ""The Wages of Sin Is Death"" | Theophysics Registry",0,,,,,
isomorphism\iso-009_compression_simplicity.html,ISO-009_Compression_Simplicity,0,,,,,
isomorphism\iso-010_observer_participation.html,ISO-010_Observer_Participation,0,,,,,
isomorphism\iso-011-seven-attacks-counters.html,ISO-011: Seven Genesis 3 Attacks ↔ Seven Cross Counter-Moves | Theophysics Registry,0,,,,,
isomorphism\iso-011_superposition_collapse.html,ISO-011_Superposition_Collapse,0,,,,,
isomorphism\iso-012_sign_operator.html,ISO-012_Sign_Operator,0,,,,,
isomorphism\iso-013_grace_operator.html,ISO-013_Grace_Operator,1,100,exact-title,O:\Vault\_ Theophysics_Case_for_Christ\_CANNON\03_OPERATORS\GRACE_OPERATOR.md,GRACE_OPERATOR,100:O:\Vault\_ Theophysics_Case_for_Christ\_CANNON\03_OPERATORS\GRACE_OPERATOR.md
isomorphism\iso-014_soul_field.html,ISO-014_Soul_Field,0,,,,,
isomorphism\iso-015_moral_physics.html,ISO-015_Moral_Physics,0,,,,,
isomorphism\iso-016_eschatological_attractors.html,ISO-016_Eschatological_Attractors,0,,,,,
isomorphism\iso-017_quantum_gravity_unification.html,ISO-017_Quantum_Gravity_Unification,0,,,,,
isomorphism\iso-018_cosmological_grace.html,ISO-018_Cosmological_Grace,0,,,,,
isomorphism\iso-019_boundary_conditions.html,ISO-019_Boundary_Conditions,0,,,,,
isomorphism\iso-020_ai_consciousness.html,ISO-020_AI_Consciousness,1,80,contains-title,O:\Vault\_ Theophysics_Case_for_Christ\_CONCEPTS\Consciousness.md,Consciousness,80:O:\Vault\_ Theophysics_Case_for_Christ\_CONCEPTS\Consciousness.md
isomorphism\iso-021_falsifiability_architecture.html,ISO-021_Falsifiability_Architecture,0,,,,,
isomorphism\iso-022_ten_laws_integration.html,ISO-022_Ten_Laws_Integration,0,,,,,
isomorphism\iso-023_consilience.html,ISO-023_Consilience,0,,,,,
isomorphism\iso-024_worldview_uniqueness.html,ISO-024_Worldview_Uniqueness,0,,,,,
isomorphism\iso-025_immunology_soteriology.html,ISO-025_Immunology_Soteriology,0,,,,,
isomorphism\iso-026_addiction_sin_bondage.html,ISO-026_Addiction_Sin_Bondage,0,,,,,
isomorphism\iso-027_epidemiology_sin_propagation.html,ISO-027_Epidemiology_Sin_Propagation,0,,,,,
isomorphism\iso-028_ecology_ecclesiology.html,ISO-028_Ecology_Ecclesiology,0,,,,,
isomorphism\iso-029_music_theory_trinitarian_harmony.html,ISO-029_Music_Theory_Trinitarian_Harmony,0,,,,,
isomorphism\iso-030_genetics_scriptural_transmission.html,ISO-030_Genetics_Scriptural_Transmission,0,,,,,
isomorphism\iso-031_network_science_ecclesiology.html,ISO-031_Network_Science_Ecclesiology,0,,,,,
isomorphism\iso-032_attachment_theory_prayer_worship.html,ISO-032_Attachment_Theory_Prayer_Worship,0,,,,,
isomorphism\iso-033_pharmacology_grace_mechanics.html,ISO-033_Pharmacology_Grace_Mechanics,0,,,,,
isomorphism\iso-034_control_theory_providence.html,ISO-034_Control_Theory_Providence,0,,,,,
isomorphism\iso-035_cryptography_mystery_revelation.html,ISO-035_Cryptography_Mystery_Revelation,0,,,,,
isomorphism\iso-036_fluid_dynamics_pneumatology.html,ISO-036_Fluid_Dynamics_Pneumatology,0,,,,,
isomorphism\iso-037_beer_lambert_transaction_extraction.html,ISO-037_Beer_Lambert_Transaction_Extraction,0,,,,,
isomorphism\iso-038_fulbright_isomorphism.html,ISO-038 Fulbright Isomorphism,0,,,,,
isomorphism\Isomorphism_Registry.html,Isomorphism Registry — Theophysics Evidence Engine,0,,,,,
isomorphism\structural-isomorphism.html,The Structural Isomorphism — Proof by Architecture,0,,,,,
Kimi_Agent_ONEPAGE_GLOWINGBALL\index.html,Faith Through Physics,0,,,,,
lean4\lean4-corpus.html,The Lean 4 Corpus — Theophysics Research Initiative,0,,,,,
lean4\lean4-index.html,Lean 4 Formal Verification — Theophysics,0,,,,,
master-equation\index.html,Master Equation Explorer — Theophysics,0,,,,,
master-equation\meq-01-G-grace.html,Redirecting to Master Equation,0,,,,,
master-equation\meq-02-M-meaning.html,Redirecting to Master Equation,0,,,,,
master-equation\meq-03-E-truth.html,Redirecting to Master Equation,0,,,,,
master-equation\meq-04-S-entropy.html,Redirecting to Master Equation,0,,,,,
master-equation\meq-05-T-logos.html,Redirecting to Master Equation,0,,,,,
master-equation\meq-06-K-love.html,Redirecting to Master Equation,0,,,,,
master-equation\meq-07-R-relationship.html,Redirecting to Master Equation,0,,,,,
master-equation\meq-08-Q-faith.html,Redirecting to Master Equation,0,,,,,
master-equation\meq-09-F-sin.html,Redirecting to Master Equation,0,,,,,
master-equation\meq-10-C-coherence.html,Redirecting to Master Equation,0,,,,,
master-equation\meq-Formalism.html,Redirecting to Master Equation,0,,,,,
master-equation-explorer.html,Redirecting to Equation Explorer…,0,,,,,
master_story_index.html,The Master Story — Theophysics Narrative Index,0,,,,,
mda\00-entry-and-series-map\index.html,The Lowe Family Stories — Five Generations of American Decline,0,,,,,
mda\00-entry-and-series-map\MDA-000-series-map.html,The Moral Decline of America — Series Index,0,,,,,
mda\01-story-thread\MDA-001-story-introduction.html,Introduction — The Moral Decline of America,0,,,,,
mda\01-story-thread\MDA-002-samuel-1900.html,Story 01: Samuel (1900) — The Moral Decline of America,0,,,,,
mda\01-story-thread\MDA-008-henry-1926.html,Part II: Henry (1926) -- The Moral Decline of America,0,,,,,
mda\01-story-thread\MDA-011-collective-security-1930.html,1930–1940: The Age of Collective Security — The Moral Decline of America,0,,,,,
mda\01-story-thread\MDA-012-william-1950.html,Part III: William (1950) -- The Moral Decline of America,0,,,,,
mda\01-story-thread\MDA-016-thomas-1974.html,Part IV: Thomas (1974) -- The Moral Decline of America,0,,,,,
mda\01-story-thread\MDA-031-jacob-1998.html,Part V: Jacob (1998) -- The Moral Decline of America,0,,,,,
mda\01-story-thread\MDA-050-jacob-2025.html,Part VI: Jacob (2025) -- The Moral Decline of America,0,,,,,
mda\02-method-and-metrics\MDA-003-measuring-moral-health.html,Part 1: What If We Could Measure Moral Health? — The Moral Decline of America,0,,,,,
mda\02-method-and-metrics\MDA-004-facts-framework.html,The Coherence Decay of American Society — FACTS Paper,0,,,,,
mda\02-method-and-metrics\MDA-006-research-method.html,Research Method — The Moral Decline of America,0,,,,,
mda\02-method-and-metrics\MDA-007-nine-domains.html,Part 2: The Nine Domains — The Moral Decline of America,0,,,,,
mda\02-method-and-metrics\MDA-037-biaxiosum-audit.html,The Biaxiosum Audit — The Moral Decline of America,0,,,,,
mda\02-method-and-metrics\MDA-038-coherence-metric.html,The Coherence Metric — A Physics-Based Framework for Measuring Structural Integrity,0,,,,,
mda\02-method-and-metrics\MDA-039-physics-of-coherence.html,The Physics of Coherence - The Moral Decline of America,0,,,,,
mda\02-method-and-metrics\MDA-040-statistical-synthesis.html,The Moral Decay of America: Statistical Synthesis,0,,,,,
mda\02-method-and-metrics\MDA-041-statistical-spine.html,The Statistical Spine — Moral Decline of America | Theophysics,0,,,,,
mda\03-evidence-chronology\MDA-005-empirical-evidence.html,The Empirical Evidence — The Moral Decline of America,0,,,,,
mda\03-evidence-chronology\MDA-009-the-1900-baseline.html,Part 3: The 1900 Baseline — The Moral Decline of America,0,,,,,
mda\03-evidence-chronology\MDA-010-pre-modern-baseline.html,The Pre-Modern Baseline (1900–1919) — The Moral Decline of America,0,,,,,
mda\03-evidence-chronology\MDA-013-peak-coherence-1940.html,1940-1949: Peak Coherence — The Crucible of Consensus,0,,,,,
mda\03-evidence-chronology\MDA-014-fissure-1950.html,The Fissure in Conformity (1950–1960) — The Moral Decline of America,0,,,,,
mda\03-evidence-chronology\MDA-015-long-decline.html,Part 4: The Long Decline (1900-1965) — The Moral Decline of America,0,,,,,
mda\03-evidence-chronology\MDA-017-unraveling-1960.html,1960–1967: The Unraveling — The Moral Decline of America,0,,,,,
mda\03-evidence-chronology\MDA-018-great-decoupling-1968.html,The Great Decoupling (1968–1973) — The Moral Decline of America,0,,,,,
mda\03-evidence-chronology\MDA-019-current-state-2024.html,2024–2025: The Current State — Where Coherence Still Lives,0,,,,,
mda\04-collapse-mechanisms\MDA-020-phase-transition.html,Part 5: The Phase Transition (1968-1973) — The Moral Decline of America,0,,,,,
mda\04-collapse-mechanisms\MDA-021-anatomy-of-phase-transition.html,The Anatomy of a Phase Transition — The Moral Decline of America,0,,,,,
mda\04-collapse-mechanisms\MDA-022-cascade.html,Part 6: The Cascade (1973-2024) — The Moral Decline of America,0,,,,,
mda\04-collapse-mechanisms\MDA-023-coherence-cascade.html,The Coherence Cascade: Words Fail First,0,,,,,
mda\04-collapse-mechanisms\MDA-024-semantic-collapse.html,The Semantic Precursor — How Language Fails First | Moral Decline of America (03/10),0,,,,,
mda\04-collapse-mechanisms\MDA-025-cognitive-decline.html,The Cognitive Decline — The Great SAT Score Turnover | Moral Decline of America (04/10),0,,,,,
mda\04-collapse-mechanisms\MDA-026-spiritual-collapse.html,The Spiritual & Psychological Collapse | Moral Decline of America (05/10),0,,,,,
mda\04-collapse-mechanisms\MDA-027-signal-went-dark.html,The Signal Went Dark — Institutional Truth Collapse | Moral Decline of America (06/10),0,,,,,
mda\04-collapse-mechanisms\MDA-028-phantom-money.html,"Phantom Money, Phantom Morals — Economic Collapse | Moral Decline of America",0,,,,,
mda\04-collapse-mechanisms\MDA-029-observer-collapsed.html,The Observer Collapsed — Individual Identity Dissolution | Moral Decline of America,0,,,,,
mda\04-collapse-mechanisms\MDA-030-trinity-mechanism.html,The Trinity-Wave Collapse Mechanism — Theophysics,0,,,,,
mda\04-collapse-mechanisms\MDA-032-why-bad-is-easier.html,Why the Bad Is Easier Than the Good — The Moral Decline of America,0,,,,,
mda\04-collapse-mechanisms\MDA-033-entropic-society.html,"The Entropic Society — Technology, Obsolescence, and the Devaluation of American Moral Capital",0,,,,,
mda\04-collapse-mechanisms\MDA-034-technology-entropy.html,"The Entropic Society — Technology, Obsolescence, and Moral Decline",0,,,,,
mda\04-collapse-mechanisms\MDA-035-great-reconfiguration.html,The Great Reconfiguration — A Century of Structural Change in American Christianity,0,,,,,
mda\04-collapse-mechanisms\MDA-036-regulatory-impulse-1900.html,The Regulatory Impulse — Moral Foundation 1900–1910,0,,,,,
mda\05-amish-and-case-studies\MDA-042-amish-exception-THE-CLAIM.html,The Amish Exception — Decline Was Not Inevitable,0,,,,,
mda\05-amish-and-case-studies\MDA-043-amish-proof-THE-PROOF.html,The Amish Proof — A Control Group for Coherence | Moral Decline of America,0,,,,,
mda\05-amish-and-case-studies\MDA-044-amish-control-study-THE-METHOD.html,Amish vs. America: The Control Study — The Moral Decline of America,0,,,,,
mda\05-amish-and-case-studies\MDA-045-amish-control-group-THE-DATA.html,The Amish Anomaly — A Control Group for American Moral Decay,0,,,,,
mda\05-amish-and-case-studies\MDA-046-amish-demographics-THE-NUMBERS.html,Demographics & Growth — The Amish Ascension,0,,,,,
mda\05-amish-and-case-studies\MDA-047-amish-tech-filter-THE-FILTER.html,The Technological Filter — The Moral Decline of America,0,,,,,
mda\05-amish-and-case-studies\MDA-048-ordnung-algorithm-THE-MECHANISM.html,The Amish Ordnung as System Algorithm — The Moral Decline of America,0,,,,,
mda\05-amish-and-case-studies\MDA-049-coherence-factory-THE-SYNTHESIS.html,The Coherence Factory — The Moral Decline of America,0,,,,,
mda\05-amish-and-case-studies\MDA-051-korea-experiment.html,Part 8: The Korea Experiment — The Moral Decline of America,0,,,,,
mda\06-recovery-and-synthesis\MDA-052-individual-recovery.html,Part 9: Individual Recovery — The Moral Decline of America,0,,,,,
mda\06-recovery-and-synthesis\MDA-053-the-question.html,Part 10: The Question — The Moral Decline of America,0,,,,,
mda\06-recovery-and-synthesis\MDA-054-way-back.html,The Way Back — Recovery Physics | Moral Decline of America,0,,,,,
mda\90-appendices-and-source-packets\MDA-900-appendix-original-introduction.html,Introduction & FACTS Framework — The Moral Decline of America,0,,,,,
mda\90-appendices-and-source-packets\MDA-901-appendix-america-index.html,The Moral Decline of America — Series Index | Theophysics Institute,0,,,,,
mda\90-appendices-and-source-packets\MDA-902-appendix-trans-domain-analysis.html,The Moral Decline of America — A Trans-Domain Analysis,0,,,,,
mda\90-appendices-and-source-packets\MDA-903-appendix-series-home.html,Is America in Moral Decline? The Physics of Cultural Decoherence,0,,,,,
mda\90-appendices-and-source-packets\MDA-904-appendix-sample.html,The Moral Decline of America (1958–2025) — Sample,0,,,,,
mda\90-appendices-and-source-packets\MDA-905-appendix-timeline.html,Timeline of American Moral Decline — Historical Analysis (1900–Present),0,,,,,
mda\90-appendices-and-source-packets\MDA-906-appendix-93-year-floor.html,The 93-Year Floor | Theophysics,0,,,,,
mda\components\mtl-reader-bar.html,mtl-reader-bar,0,,,,,
mda\components\tp-pill-player-bar-snippet.html,tp-pill-player-bar-snippet,0,,,,,
mda\components\tp-pill-player-bar.html,tp-pill-player-bar,0,,,,,
mda\components\tp-pill-player.html,TP Pill-Strip Audio Player,0,,,,,
mda\index.html,Is America in Moral Decline? The Physics of Cultural Decoherence,0,,,,,
mda\reading-order.html,MDA Reading Order — Walk-Through Index,0,,,,,
media\index-kimi.html,Media Gallery — Theophysics,0,,,,,
media\index.html,"Theophysics Media — Images, Diagrams & Slide Decks",0,,,,,
moral-decline\00-entry-and-series-map\index.html,The Moral Decline of America,0,,,,,
moral-decline\00-entry-and-series-map\MDA-000-series-map.html,Series Map | Moral Decline of America,0,,,,,
moral-decline\01-story-thread\index.html,The Lowe Family — Five Generations | Moral Decline of America,0,,,,,
moral-decline\01-story-thread\MDA-001-story-introduction.html,An American Story | Moral Decline of America,0,,,,,
moral-decline\01-story-thread\MDA-002-samuel-1900.html,When Distance Still Had Moral Weight | Moral Decline of America,0,,,,,
moral-decline\01-story-thread\MDA-008-henry-1926.html,When Voices Entered the Home | Moral Decline of America,0,,,,,
moral-decline\01-story-thread\MDA-012-william-1950.html,When Comfort Replaced Necessity | Moral Decline of America,0,,,,,
moral-decline\01-story-thread\MDA-016-thomas-1974.html,When Freedom Became Exit | Moral Decline of America,0,,,,,
moral-decline\01-story-thread\MDA-031-jacob-1998.html,When Place Disappeared | Moral Decline of America,0,,,,,
moral-decline\01-story-thread\MDA-050-jacob-2025.html,When Constraint Had to Be Chosen | Moral Decline of America,0,,,,,
moral-decline\02-method-and-metrics\index.html,How to Measure a Moral System | Moral Decline of America,0,,,,,
moral-decline\02-method-and-metrics\MDA-003-measuring-moral-health.html,Can We Measure Moral Health? | Moral Decline of America,0,,,,,
moral-decline\02-method-and-metrics\MDA-006-research-method.html,How We Measure Decline | Moral Decline of America,0,,,,,
moral-decline\02-method-and-metrics\MDA-007-nine-domains.html,What America Is Made Of | Moral Decline of America,0,,,,,
moral-decline\02-method-and-metrics\MDA-037-biaxiosum-audit.html,The Biaxiosum Audit | Moral Decline of America,0,,,,,
moral-decline\02-method-and-metrics\MDA-038-coherence-metric.html,The Coherence Metric | Moral Decline of America,0,,,,,
moral-decline\02-method-and-metrics\MDA-039-physics-of-coherence.html,The Physics of Coherence | Moral Decline of America,0,,,,,
moral-decline\02-method-and-metrics\MDA-040-statistical-synthesis.html,Moral Decline by the Numbers | Moral Decline of America,0,,,,,
moral-decline\02-method-and-metrics\MDA-041-statistical-spine.html,The Statistical Spine | Moral Decline of America,0,,,,,
moral-decline\03-evidence-chronology\index.html,"America, Decade by Decade | Moral Decline of America",0,,,,,
moral-decline\03-evidence-chronology\MDA-005-empirical-evidence.html,The Empirical Evidence | Moral Decline of America,0,,,,,
moral-decline\03-evidence-chronology\MDA-009-the-1900-baseline.html,The 1900 Baseline | Moral Decline of America,0,,,,,
moral-decline\03-evidence-chronology\MDA-010-pre-modern-baseline.html,The Pre-Modern Baseline | Moral Decline of America,0,,,,,
moral-decline\03-evidence-chronology\MDA-011-collective-security-1930.html,The Age of Collective Security | Moral Decline of America,0,,,,,
moral-decline\03-evidence-chronology\MDA-013-peak-coherence-1940.html,The Crucible of Consensus | Moral Decline of America,0,,,,,
moral-decline\03-evidence-chronology\MDA-014-fissure-1950.html,The Fissure in Conformity | Moral Decline of America,0,,,,,
moral-decline\03-evidence-chronology\MDA-015-long-decline.html,The Long Decline | Moral Decline of America,0,,,,,
moral-decline\03-evidence-chronology\MDA-017-unraveling-1960.html,The Unraveling Begins | Moral Decline of America,0,,,,,
moral-decline\03-evidence-chronology\MDA-018-great-decoupling-1968.html,The Great Decoupling | Moral Decline of America,0,,,,,
moral-decline\03-evidence-chronology\MDA-019-current-state-2024.html,Where Coherence Still Lives | Moral Decline of America,0,,,,,
moral-decline\04-collapse-mechanisms\index.html,How the Systems Failed | Moral Decline of America,0,,,,,
moral-decline\04-collapse-mechanisms\MDA-020-phase-transition.html,When Decline Becomes Collapse | Moral Decline of America,0,,,,,
moral-decline\04-collapse-mechanisms\MDA-021-anatomy-of-phase-transition.html,Anatomy of a Phase Transition | Moral Decline of America,0,,,,,
moral-decline\04-collapse-mechanisms\MDA-022-cascade.html,The Cascade | Moral Decline of America,0,,,,,
moral-decline\04-collapse-mechanisms\MDA-023-coherence-cascade.html,The Coherence Cascade | Moral Decline of America,0,,,,,
moral-decline\04-collapse-mechanisms\MDA-024-semantic-collapse.html,Semantic Collapse | Moral Decline of America,0,,,,,
moral-decline\04-collapse-mechanisms\MDA-025-cognitive-decline.html,Cognitive System Stress | Moral Decline of America,0,,,,,
moral-decline\04-collapse-mechanisms\MDA-026-spiritual-collapse.html,The Spiritual and Psychological Collapse | Moral Decline of America,0,,,,,
moral-decline\04-collapse-mechanisms\MDA-027-signal-went-dark.html,The Signal Went Dark | Moral Decline of America,0,,,,,
moral-decline\04-collapse-mechanisms\MDA-028-phantom-money.html,"Phantom Money, Phantom Morals | Moral Decline of America",0,,,,,
moral-decline\04-collapse-mechanisms\MDA-029-observer-collapsed.html,The Observer Collapsed | Moral Decline of America,0,,,,,
moral-decline\04-collapse-mechanisms\MDA-030-trinity-mechanism.html,Trinity-Wave Collapse | Moral Decline of America,0,,,,,
moral-decline\04-collapse-mechanisms\MDA-032-why-bad-is-easier.html,Why the Bad Is Easier Than the Good | Moral Decline of America,0,,,,,
moral-decline\04-collapse-mechanisms\MDA-033-entropic-society.html,The Entropic Society | Moral Decline of America,0,,,,,
moral-decline\04-collapse-mechanisms\MDA-034-technology-entropy.html,Technology and Entropy | Moral Decline of America,0,,,,,
moral-decline\04-collapse-mechanisms\MDA-035-great-reconfiguration.html,The Great Reconfiguration | Moral Decline of America,0,,,,,
moral-decline\04-collapse-mechanisms\MDA-036-regulatory-impulse-1900.html,The Regulatory Impulse | Moral Decline of America,0,,,,,
moral-decline\05-amish-and-case-studies\index.html,The Control Group | Moral Decline of America,0,,,,,
moral-decline\05-amish-and-case-studies\MDA-042-amish-exception-THE-CLAIM.html,The Amish Exception | Moral Decline of America,0,,,,,
moral-decline\05-amish-and-case-studies\MDA-043-amish-proof-THE-PROOF.html,The Amish Control Case | Moral Decline of America,0,,,,,
moral-decline\05-amish-and-case-studies\MDA-044-amish-control-study-THE-METHOD.html,Amish vs. America | Moral Decline of America,0,,,,,
moral-decline\05-amish-and-case-studies\MDA-045-amish-control-group-THE-DATA.html,The Amish Anomaly | Moral Decline of America,0,,,,,
moral-decline\05-amish-and-case-studies\MDA-046-amish-demographics-THE-NUMBERS.html,Amish Demographics | Moral Decline of America,0,,,,,
moral-decline\05-amish-and-case-studies\MDA-047-amish-tech-filter-THE-FILTER.html,The Amish Tech Filter | Moral Decline of America,0,,,,,
moral-decline\05-amish-and-case-studies\MDA-048-ordnung-algorithm-THE-MECHANISM.html,The Ordnung Algorithm | Moral Decline of America,0,,,,,
moral-decline\05-amish-and-case-studies\MDA-049-coherence-factory-THE-SYNTHESIS.html,The Coherence Factory | Moral Decline of America,0,,,,,
moral-decline\05-amish-and-case-studies\MDA-051-korea-experiment.html,The Korea Experiment | Moral Decline of America,0,,,,,
moral-decline\06-recovery-and-synthesis\index.html,Is There a Way Back? | Moral Decline of America,0,,,,,
moral-decline\06-recovery-and-synthesis\MDA-052-individual-recovery.html,Individual Recovery | Moral Decline of America,0,,,,,
moral-decline\06-recovery-and-synthesis\MDA-053-the-question.html,The Question | Moral Decline of America,1,80,contains-title,O:\Vault\_ Theophysics_Case_for_Christ\_CANNON\06_NARRATIVE\THE QUESTION CHAIN.md,THE QUESTION CHAIN,80:O:\Vault\_ Theophysics_Case_for_Christ\_CANNON\06_NARRATIVE\THE QUESTION CHAIN.md
moral-decline\06-recovery-and-synthesis\MDA-054-way-back.html,The Way Back | Moral Decline of America,0,,,,,
moral-decline\90-appendices-and-source-packets\index.html,Appendices & Source Packets | Moral Decline of America,0,,,,,
moral-decline\90-appendices-and-source-packets\MDA-900-appendix-original-introduction.html,Appendix: Original Introduction | Moral Decline of America,0,,,,,
moral-decline\90-appendices-and-source-packets\MDA-901-appendix-america-index.html,Appendix: America Index | Moral Decline of America,0,,,,,
moral-decline\90-appendices-and-source-packets\MDA-902-appendix-trans-domain-analysis.html,Appendix: Trans-Domain Analysis | Moral Decline of America,0,,,,,
moral-decline\90-appendices-and-source-packets\MDA-903-appendix-series-home.html,Appendix: Series Home | Moral Decline of America,0,,,,,
moral-decline\90-appendices-and-source-packets\MDA-904-appendix-sample.html,Appendix: Sample | Moral Decline of America,0,,,,,
moral-decline\90-appendices-and-source-packets\MDA-905-appendix-timeline.html,Appendix: Timeline | Moral Decline of America,0,,,,,
moral-decline\90-appendices-and-source-packets\MDA-906-appendix-93-year-floor.html,Appendix: The 93-Year Floor | Moral Decline of America,0,,,,,
moral-decline\index.html,Moral Decline of America — Faith thru Physics,0,,,,,
moral-decline\mda-01-introduction.html,Introduction & FACTS Framework — The Moral Decline of America,0,,,,,
moral-decline\mda-02-phase-transition.html,The Anatomy of a Phase Transition — The Moral Decline of America,0,,,,,
moral-decline\mda-03-semantic-collapse.html,The Semantic Precursor — How Language Fails First | Moral Decline of America (03/10),0,,,,,
moral-decline\mda-04-cognitive-decline.html,The Cognitive Decline — The Great SAT Score Turnover | Moral Decline of America (04/10),0,,,,,
moral-decline\mda-05-spiritual-collapse.html,The Spiritual & Psychological Collapse | Moral Decline of America (05/10),0,,,,,
moral-decline\mda-06-signal-went-dark.html,The Signal Went Dark — Institutional Truth Collapse | Moral Decline of America (06/10),0,,,,,
moral-decline\mda-07-phantom-money.html,"Phantom Money, Phantom Morals — Economic Collapse | Moral Decline of America",0,,,,,
moral-decline\mda-08-observer-collapsed.html,The Observer Collapsed — Individual Identity Dissolution | Moral Decline of America,0,,,,,
moral-decline\mda-09-amish-proof.html,The Amish Proof — A Control Group for Coherence | Moral Decline of America,0,,,,,
moral-decline\mda-10-way-back.html,The Way Back — Recovery Physics | Moral Decline of America,0,,,,,
moral-decline\mda-america.html,The Moral Decline of America — Series Index | Theophysics Institute,0,,,,,
moral-decline\mda-facts-paper.html,The Coherence Decay of American Society — FACTS Paper,0,,,,,
moral-decline\mda-of-america.html,The Moral Decline of America — A Trans-Domain Analysis,0,,,,,
moral-decline\mda-research-method.html,Research Method — The Moral Decline of America,0,,,,,
moral-decline\mda-SAMPLE.html,The Moral Decline of America (1958–2025) — Sample,0,,,,,
moral-decline\mda-technology-entropy-moral-decline.html,"The Entropic Society — Technology, Obsolescence, and Moral Decline",0,,,,,
moral-decline\mda-the-biaxiosum-audit.html,The Biaxiosum Audit — The Moral Decline of America,0,,,,,
moral-decline\mda-the-coherence-metric.html,The Coherence Metric — A Physics-Based Framework for Measuring Structural Integrity,0,,,,,
moral-decline\mda-the-empirical-evidence.html,The Empirical Evidence — The Moral Decline of America,0,,,,,
moral-decline\mda-the-entropic-society.html,"The Entropic Society — Technology, Obsolescence, and the Devaluation of American Moral Capital",0,,,,,
moral-decline\mda-the-great-reconfiguration.html,The Great Reconfiguration — A Century of Structural Change in American Christianity,0,,,,,
moral-decline\mda-the-regulatory-impulse-1900.html,The Regulatory Impulse — Moral Foundation 1900–1910,0,,,,,
moral-decline\mda-the-trinity-mechanism.html,The Trinity-Wave Collapse Mechanism — Theophysics,0,,,,,
moral-decline\mda-timeline-american-moral-decline.html,Timeline of American Moral Decline — Historical Analysis (1900–Present),0,,,,,
moral-decline\mda-why-the-bad-is-easier.html,Why the Bad Is Easier Than the Good — The Moral Decline of America,0,,,,,
moral-decline\NEWindex.html,The Moral Decline of America — Series Index,0,,,,,
moral-decline\stories\index.html,The Lowe Family Stories — Five Generations of American Decline,0,,,,,
moral-decline\stories\mda-COHERENCE_CASCADE.html,The Coherence Cascade: Words Fail First,0,,,,,
moral-decline\stories\mda-STATISTICAL_SYNTHESIS.html,The Moral Decay of America: Statistical Synthesis,0,,,,,
moral-decline\stories\mda-story-00-introduction.html,Introduction () -- The Moral Decline of America,0,,,,,
moral-decline\stories\mda-story-01-samuel-1900.html,Story 01: Samuel (1900) — The Moral Decline of America,0,,,,,
moral-decline\stories\mda-story-02-henry-1926.html,Part II: Henry (1926) -- The Moral Decline of America,0,,,,,
moral-decline\stories\mda-story-03-william-1950.html,Part III: William (1950) -- The Moral Decline of America,0,,,,,
moral-decline\stories\mda-story-04-thomas-1974.html,Part IV: Thomas (1974) -- The Moral Decline of America,0,,,,,
moral-decline\stories\mda-story-05-jacob-1998.html,Part V: Jacob (1998) -- The Moral Decline of America,0,,,,,
moral-decline\stories\mda-story-06-jacob-2025.html,Part VI: Jacob (2025) -- The Moral Decline of America,0,,,,,
mtl-admin\standalone-mtl-template.html,Standalone Series Page with MTL Layers,0,,,,,
one-page-stories\7q_explained.html,The 7Q Framework — Explained Through Physics,0,,,,,
one-page-stories\7q_reverse.html,The Reverse Method — Prove by Destruction,0,,,,,
one-page-stories\character-of-adversary-from-physics.html,The Character of the Adversary — Read from Physics,0,,,,,
one-page-stories\character-of-god-from-physics.html,The Character of God — Read from Physics,0,,,,,
one-page-stories\cover.html,Genesis to Quantum — Theophysics Research,0,,,,,
one-page-stories\everybodys-got-it-wrong.html,Everybody's Got It Wrong — Theophysics,0,,,,,
one-page-stories\Formalism.html,The Master Equation — A Mathematical Theory of Everything | Theophysics Research,0,,,,,
one-page-stories\genesis-quantum-event.html,Genesis as Quantum Event â The Measurement That Collapsed Reality,0,,,,,
one-page-stories\god-stories.html,Part XVI — The God Stories | Theophysics,0,,,,,
one-page-stories\heaven-hell-attractor-states.html,Heaven and Hell as Attractor States — Theophysics,0,,,,,
one-page-stories\holding-god-accountable.html,Holding God Accountable — Theophysics Research Program,0,,,,,
one-page-stories\index.html,Faith Through Physics,0,,,,,
one-page-stories\it-from-bit-from-logos.html,IT FROM BIT FROM LOGOS — Theophysics,0,,,,,
one-page-stories\no-drift-law-synthesis.html,No-Drift Law Synthesis — Theophysics Master Equation,0,,,,,
one-page-stories\salvation-algorithm.html,The Salvation Algorithm — A Six-Step Logical Chain,0,,,,,
one-page-stories\salvation-narrative-10-laws.html,The Salvation Narrative as 10-Law Phase Transition Sequence — Theophysics,0,,,,,
one-page-stories\salvation-phase-transition.html,Salvation Is a Phase Transition — Theophysics,0,,,,,
one-page-stories\Templeton\lean4-corpus.html,The Lean 4 Corpus — Theophysics Research Initiative,0,,,,,
one-page-stories\Templeton\templeton_briefing.html,Coherence as Cosmic Intelligence | Templeton 2026,0,,,,,
one-page-stories\Templeton\Test death 1.html,The Death Test — Logos Papers,0,,,,,
one-page-stories\Templeton\The Method and the Mystery.html,The Method and the Mystery — Theophysics Front Door,0,,,,,
one-page-stories\Templeton\The Watcher.html,The Watcher Problem — Why Reality Needs Three,0,,,,,
one-page-stories\Templeton\the-bilateral-audit-lean4.html,The Lean 4 Evidence Layer — Bilateral Audit Amendment,0,,,,,
one-page-stories\Templeton\the-bilateral-audit.html,The Bilateral Audit — Theophysics Research Initiative,0,,,,,
one-page-stories\ten-laws-full-treatment.html,The Ten Laws — Full Treatment | Theophysics,0,,,,,
one-page-stories\The Fracture Point.html,The Fracture Point: American Political Identity and the Shift from Policy to Tribal Alignment,0,,,,,
one-page-stories\the-24-anti-properties.html,The 24 Anti-Properties — What the Adversary Is Made Of,0,,,,,
one-page-stories\the-attack-surface.html,The Attack Surface — Theophysics,0,,,,,
one-page-stories\the-father-as-source-field.html,The Father as Source Field — Theophysics,0,,,,,
one-page-stories\the-floor-beneath-the-floor.html,The Floor Beneath the Floor | Theophysics,0,,,,,
one-page-stories\the-prism-paper.html,The Prism — Theophysics Research,0,,,,,
one-page-stories\the-same-equation.html,The Same Equation — Theophysics Visual Proof,0,,,,,
one-page-stories\The_Logos_Thesis_v3.html,The Logos Thesis — Theophysics,0,,,,,
one-page-stories\theophysics-blackboard_1.html,Theophysics Blackboard — Visual Sketch Generator,0,,,,,
one-page-stories\theophysics-the-full-explanation.html,Theophysics: The Full Explanation,0,,,,,
one-page-stories\trinity-grace.html,Trinity & Grace — Theophysics,0,,,,,
one-page-stories\we-ran-the-tests.html,We Ran the Tests — Theophysics,0,,,,,
one-page-stories\why-grace-from-outside.html,Why Grace Has to Come from Outside — Theophysics,0,,,,,
podcast\index.html,"The Theophysics Podcast — Physics, Theology & the Coherence Equation",0,,,,,
proof-architecture\index.html,The Proof Architecture — Series Index,0,,,,,
proof-architecture\pa-00-bundle-viewer.html,Theophysics Proof Bundle Viewer,0,,,,,
proof-architecture\pa-01-unavoidable-conclusion.html,The Unavoidable Conclusion: A Proof of God from First Principles,0,,,,,
proof-architecture\pa-02-foundation.html,Foundation Spine,0,,,,,
proof-architecture\pa-03-ontological-tree.html,The Ontological Decision Tree,0,,,,,
proof-architecture\pa-04-bifurcation.html,Bifurcation Chamber,0,,,,,
proof-architecture\pa-05-structural-isomorphism.html,The Structural Isomorphism — Proof by Architecture,0,,,,,
proof-architecture\pa-06-subsystems.html,Five Paired Subsystems,0,,,,,
proof-architecture\pa-07-closure.html,Closure Layer,0,,,,,
proof-architecture\pa-08-falsification.html,Falsification Court,0,,,,,
proof-architecture\pa-09-propagation-map.html,Substrate Propagation Map — Every Q2 Choice Through the Full Tree,0,,,,,
proof-architecture\pa-10-evidence.html,Convergence & Evidence,0,,,,,
proof-architecture\pa-11-testable-predictions.html,Testable Predictions | Logos Unified Field,0,,,,,
proof-architecture\pa-12-proof-explorer.html,Theophysics Proof Explorer — Canonical v2,0,,,,,
proof-architecture\pa-13-logical-framework.html,Theophysics Logical Framework v1,0,,,,,
proof-explorer\index.html,Proof Explorer — Theophysics,0,,,,,
proof-explorer\mda-grades.html,MDA Grade Registry — Proof Explorer,0,,,,,
proof-explorer\mda-proof-packet.html,Moral Decline of America — Series Proof Packet,0,,,,,
proof-explorer\mda-scorecards\PI_MDA-001-story-introduction.html,Paper Intelligence: MDA-001-story-introduction,0,,,,,
proof-explorer\mda-scorecards\PI_MDA-002-samuel-1900.html,Paper Intelligence: MDA-002-samuel-1900,0,,,,,
proof-explorer\mda-scorecards\PI_MDA-003-measuring-moral-health.html,Paper Intelligence: MDA-003-measuring-moral-health,0,,,,,
proof-explorer\mda-scorecards\PI_MDA-004-facts-framework.html,Paper Intelligence: MDA-004-facts-framework,0,,,,,
proof-explorer\mda-scorecards\PI_MDA-005-empirical-evidence.html,Paper Intelligence: MDA-005-empirical-evidence,0,,,,,
proof-explorer\mda-scorecards\PI_MDA-006-research-method.html,Paper Intelligence: MDA-006-research-method,0,,,,,
proof-explorer\mda-scorecards\PI_MDA-007-nine-domains.html,Paper Intelligence: MDA-007-nine-domains,0,,,,,
proof-explorer\mda-scorecards\PI_MDA-008-henry-1926.html,Paper Intelligence: MDA-008-henry-1926,0,,,,,
proof-explorer\mda-scorecards\PI_MDA-009-the-1900-baseline.html,Paper Intelligence: MDA-009-the-1900-baseline,0,,,,,
proof-explorer\mda-scorecards\PI_MDA-010-pre-modern-baseline.html,Paper Intelligence: MDA-010-pre-modern-baseline,0,,,,,
proof-explorer\mda-scorecards\PI_MDA-011-collective-security-1930.html,Paper Intelligence: MDA-011-collective-security-1930,0,,,,,
proof-explorer\mda-scorecards\PI_MDA-012-william-1950.html,Paper Intelligence: MDA-012-william-1950,0,,,,,
proof-explorer\mda-scorecards\PI_MDA-013-peak-coherence-1940.html,Paper Intelligence: MDA-013-peak-coherence-1940,0,,,,,
proof-explorer\mda-scorecards\PI_MDA-014-fissure-1950.html,Paper Intelligence: MDA-014-fissure-1950,0,,,,,
proof-explorer\mda-scorecards\PI_MDA-015-long-decline.html,Paper Intelligence: MDA-015-long-decline,0,,,,,
proof-explorer\mda-scorecards\PI_MDA-016-thomas-1974.html,Paper Intelligence: MDA-016-thomas-1974,0,,,,,
proof-explorer\mda-scorecards\PI_MDA-017-unraveling-1960.html,Paper Intelligence: MDA-017-unraveling-1960,0,,,,,
proof-explorer\mda-scorecards\PI_MDA-018-great-decoupling-1968.html,Paper Intelligence: MDA-018-great-decoupling-1968,0,,,,,
proof-explorer\mda-scorecards\PI_MDA-019-current-state-2024.html,Paper Intelligence: MDA-019-current-state-2024,0,,,,,
proof-explorer\mda-scorecards\PI_MDA-020-phase-transition.html,Paper Intelligence: MDA-020-phase-transition,0,,,,,
proof-explorer\mda-scorecards\PI_MDA-021-anatomy-of-phase-transition.html,Paper Intelligence: MDA-021-anatomy-of-phase-transition,0,,,,,
proof-explorer\mda-scorecards\PI_MDA-022-cascade.html,Paper Intelligence: MDA-022-cascade,0,,,,,
proof-explorer\mda-scorecards\PI_MDA-023-coherence-cascade.html,Paper Intelligence: MDA-023-coherence-cascade,0,,,,,
proof-explorer\mda-scorecards\PI_MDA-024-semantic-collapse.html,Paper Intelligence: MDA-024-semantic-collapse,0,,,,,
proof-explorer\mda-scorecards\PI_MDA-025-cognitive-decline.html,Paper Intelligence: MDA-025-cognitive-decline,0,,,,,
proof-explorer\mda-scorecards\PI_MDA-026-spiritual-collapse.html,Paper Intelligence: MDA-026-spiritual-collapse,0,,,,,
proof-explorer\mda-scorecards\PI_MDA-027-signal-went-dark.html,Paper Intelligence: MDA-027-signal-went-dark,0,,,,,
proof-explorer\mda-scorecards\PI_MDA-028-phantom-money.html,Paper Intelligence: MDA-028-phantom-money,0,,,,,
proof-explorer\mda-scorecards\PI_MDA-029-observer-collapsed.html,Paper Intelligence: MDA-029-observer-collapsed,0,,,,,
proof-explorer\mda-scorecards\PI_MDA-030-trinity-mechanism.html,Paper Intelligence: MDA-030-trinity-mechanism,0,,,,,
proof-explorer\mda-scorecards\PI_MDA-031-jacob-1998.html,Paper Intelligence: MDA-031-jacob-1998,0,,,,,
proof-explorer\mda-scorecards\PI_MDA-032-why-bad-is-easier.html,Paper Intelligence: MDA-032-why-bad-is-easier,0,,,,,
proof-explorer\mda-scorecards\PI_MDA-033-entropic-society.html,Paper Intelligence: MDA-033-entropic-society,0,,,,,
proof-explorer\mda-scorecards\PI_MDA-034-technology-entropy.html,Paper Intelligence: MDA-034-technology-entropy,0,,,,,
proof-explorer\mda-scorecards\PI_MDA-035-great-reconfiguration.html,Paper Intelligence: MDA-035-great-reconfiguration,0,,,,,
proof-explorer\mda-scorecards\PI_MDA-036-regulatory-impulse-1900.html,Paper Intelligence: MDA-036-regulatory-impulse-1900,0,,,,,
proof-explorer\mda-scorecards\PI_MDA-037-biaxiosum-audit.html,Paper Intelligence: MDA-037-biaxiosum-audit,0,,,,,
proof-explorer\mda-scorecards\PI_MDA-038-coherence-metric.html,Paper Intelligence: MDA-038-coherence-metric,0,,,,,
proof-explorer\mda-scorecards\PI_MDA-039-physics-of-coherence.html,Paper Intelligence: MDA-039-physics-of-coherence,0,,,,,
proof-explorer\mda-scorecards\PI_MDA-040-statistical-synthesis.html,Paper Intelligence: MDA-040-statistical-synthesis,0,,,,,
proof-explorer\mda-scorecards\PI_MDA-041-statistical-spine.html,Paper Intelligence: MDA-041-statistical-spine,0,,,,,
proof-explorer\mda-scorecards\PI_MDA-042-amish-exception-THE-CLAIM.html,Paper Intelligence: MDA-042-amish-exception-THE-CLAIM,0,,,,,
proof-explorer\mda-scorecards\PI_MDA-043-amish-proof-THE-PROOF.html,Paper Intelligence: MDA-043-amish-proof-THE-PROOF,0,,,,,
proof-explorer\mda-scorecards\PI_MDA-044-amish-control-study-THE-METHOD.html,Paper Intelligence: MDA-044-amish-control-study-THE-METHOD,0,,,,,
proof-explorer\mda-scorecards\PI_MDA-045-amish-control-group-THE-DATA.html,Paper Intelligence: MDA-045-amish-control-group-THE-DATA,0,,,,,
proof-explorer\mda-scorecards\PI_MDA-046-amish-demographics-THE-NUMBERS.html,Paper Intelligence: MDA-046-amish-demographics-THE-NUMBERS,0,,,,,
proof-explorer\mda-scorecards\PI_MDA-047-amish-tech-filter-THE-FILTER.html,Paper Intelligence: MDA-047-amish-tech-filter-THE-FILTER,0,,,,,
proof-explorer\mda-scorecards\PI_MDA-048-ordnung-algorithm-THE-MECHANISM.html,Paper Intelligence: MDA-048-ordnung-algorithm-THE-MECHANISM,0,,,,,
proof-explorer\mda-scorecards\PI_MDA-049-coherence-factory-THE-SYNTHESIS.html,Paper Intelligence: MDA-049-coherence-factory-THE-SYNTHESIS,0,,,,,
proof-explorer\mda-scorecards\PI_MDA-050-jacob-2025.html,Paper Intelligence: MDA-050-jacob-2025,0,,,,,
proof-explorer\mda-scorecards\PI_MDA-051-korea-experiment.html,Paper Intelligence: MDA-051-korea-experiment,0,,,,,
proof-explorer\mda-scorecards\PI_MDA-052-individual-recovery.html,Paper Intelligence: MDA-052-individual-recovery,0,,,,,
proof-explorer\mda-scorecards\PI_MDA-053-the-question.html,Paper Intelligence: MDA-053-the-question,0,,,,,
proof-explorer\mda-scorecards\PI_MDA-054-way-back.html,Paper Intelligence: MDA-054-way-back,0,,,,,
proof-explorer\mda-scorecards\PI_MDA-900-appendix-original-introduction.html,Paper Intelligence: MDA-900-appendix-original-introduction,0,,,,,
proof-explorer\mda-scorecards\PI_MDA-901-appendix-america-index.html,Paper Intelligence: MDA-901-appendix-america-index,0,,,,,
proof-explorer\mda-scorecards\PI_MDA-902-appendix-trans-domain-analysis.html,Paper Intelligence: MDA-902-appendix-trans-domain-analysis,0,,,,,
proof-explorer\mda-scorecards\PI_MDA-903-appendix-series-home.html,Paper Intelligence: MDA-903-appendix-series-home,0,,,,,
proof-explorer\mda-scorecards\PI_MDA-904-appendix-sample.html,Paper Intelligence: MDA-904-appendix-sample,0,,,,,
proof-explorer\mda-scorecards\PI_MDA-905-appendix-timeline.html,Paper Intelligence: MDA-905-appendix-timeline,0,,,,,
proof-explorer\mda-scorecards\PI_MDA-906-appendix-93-year-floor.html,Paper Intelligence: MDA-906-appendix-93-year-floor,0,,,,,
redirects\image-registry.html,Redirecting to Media Library…,0,,,,,
redirects\master-equation-explorer.html,Redirecting to Equation Explorer…,0,,,,,
redirects\theophysics-glossary.html,Redirecting to Glossary…,0,,,,,
revolution-of-truth\drv-00-the-argument.html,De Revolutionibus Veritatis | The Argument in One Page,0,,,,,
revolution-of-truth\drv-01-the-architecture.html,De Revolutionibus Veritatis | Book I: The Architecture,0,,,,,
revolution-of-truth\drv-02-the-lock.html,De Revolutionibus Veritatis | Book II: The Lock,0,,,,,
revolution-of-truth\drv-03-the-cost-of-denial.html,De Revolutionibus Veritatis | Book III: The Cost of Denial,0,,,,,
revolution-of-truth\drv-04-the-key.html,De Revolutionibus Veritatis | Book IV: The Key,0,,,,,
revolution-of-truth\drv-06-the-cycle.html,De Revolutionibus Veritatis | Book VI: The Cycle,0,,,,,
revolution-of-truth\index.html,De Revolutionibus Veritatis | On the Revolutions of Truth,0,,,,,
rigor\index.html,Rigor — Theophysics Measurement Framework,2,80,contains-title,O:\Vault\_ Theophysics_Case_for_Christ\_CANNON\04_LEAN4_PROOFS\Theophysics_Formal\RIGOR_AND_CORRECTION_LOG.md,RIGOR_AND_CORRECTION_LOG,80:O:\Vault\_ Theophysics_Case_for_Christ\_CANNON\04_LEAN4_PROOFS\Theophysics_Formal\RIGOR_AND_CORRECTION_LOG.md; 80:O:\Vault\_ Theophysics_Case_for_Christ\_CANNON\08_PROVENANCE\RIGOR_AND_CORRECTION_LOG.md
subdomains\components\audio-dock.html,audio-dock,0,,,,,
subdomains\components\audio-player-v3.html,audio-player-v3,0,,,,,
subdomains\equation\index-kimi.html,Master Equation — Theophysics,5,80,contains-title,O:\Vault\_ Theophysics_Case_for_Christ\_CANNON\02_MASTER_EQUATION\Lucrangian\01_The_Master_Equation_Framework.md,01_The_Master_Equation_Framework,80:O:\Vault\_ Theophysics_Case_for_Christ\_CANNON\02_MASTER_EQUATION\Lucrangian\01_The_Master_Equation_Framework.md; 80:O:\Vault\_ Theophysics_Case_for_Christ\_CANNON\02_MASTER_EQUATION\master-equation-canonical.md; 80:O:\Vault\_ Theophysics_Case_for_Christ\_CANNON\02_MASTER_EQUATION\MASTER_EQUATION_FIELD_LAGRANGIAN_v4.md; 80:O:\Vault\_ Theophysics_Case_for_Christ\cannon_math_proof_vectorize_20260518\MASTER_EQUATION_SYMBOL_LOCK.md; 80:O:\Vault\_ Theophysics_Case_for_Christ\Today\01-Question-Layer\cannon_math_proof_vectorize_20260518\MASTER_EQUATION_SYMBOL_LOCK.md
subdomains\equation\index.html,Master Equation Explorer — Theophysics,0,,,,,
subdomains\glossary\index-kimi.html,Theophysical Lexicon — Theophysics,0,,,,,
subdomains\glossary\index.html,THEOPHYSICS — Glossary of the Fractured Substrate,0,,,,,
subdomains\lean4\lean4-index.html,Lean 4 Formal Verification — Theophysics,0,,,,,
subdomains\media\index-kimi.html,Media Gallery — Theophysics,0,,,,,
subdomains\media\index.html,"Theophysics Media — Images, Diagrams & Slide Decks",0,,,,,
subdomains\podcast\index.html,"The Theophysics Podcast — Physics, Theology & the Coherence Equation",0,,,,,
subdomains\proof-explorer\index.html,Proof Explorer — Theophysics,0,,,,,
subdomains\proof-explorer\mda-grades.html,MDA Grade Registry — Proof Explorer,0,,,,,
subdomains\proof-explorer\mda-proof-packet.html,Moral Decline of America — Series Proof Packet,0,,,,,
subdomains\proof-explorer\mda-scorecards\PI_MDA-001-story-introduction.html,Paper Intelligence: MDA-001-story-introduction,0,,,,,
subdomains\proof-explorer\mda-scorecards\PI_MDA-002-samuel-1900.html,Paper Intelligence: MDA-002-samuel-1900,0,,,,,
subdomains\proof-explorer\mda-scorecards\PI_MDA-003-measuring-moral-health.html,Paper Intelligence: MDA-003-measuring-moral-health,0,,,,,
subdomains\proof-explorer\mda-scorecards\PI_MDA-004-facts-framework.html,Paper Intelligence: MDA-004-facts-framework,0,,,,,
subdomains\proof-explorer\mda-scorecards\PI_MDA-005-empirical-evidence.html,Paper Intelligence: MDA-005-empirical-evidence,0,,,,,
subdomains\proof-explorer\mda-scorecards\PI_MDA-006-research-method.html,Paper Intelligence: MDA-006-research-method,0,,,,,
subdomains\proof-explorer\mda-scorecards\PI_MDA-007-nine-domains.html,Paper Intelligence: MDA-007-nine-domains,0,,,,,
subdomains\proof-explorer\mda-scorecards\PI_MDA-008-henry-1926.html,Paper Intelligence: MDA-008-henry-1926,0,,,,,
subdomains\proof-explorer\mda-scorecards\PI_MDA-009-the-1900-baseline.html,Paper Intelligence: MDA-009-the-1900-baseline,0,,,,,
subdomains\proof-explorer\mda-scorecards\PI_MDA-010-pre-modern-baseline.html,Paper Intelligence: MDA-010-pre-modern-baseline,0,,,,,
subdomains\proof-explorer\mda-scorecards\PI_MDA-011-collective-security-1930.html,Paper Intelligence: MDA-011-collective-security-1930,0,,,,,
subdomains\proof-explorer\mda-scorecards\PI_MDA-012-william-1950.html,Paper Intelligence: MDA-012-william-1950,0,,,,,
subdomains\proof-explorer\mda-scorecards\PI_MDA-013-peak-coherence-1940.html,Paper Intelligence: MDA-013-peak-coherence-1940,0,,,,,
subdomains\proof-explorer\mda-scorecards\PI_MDA-014-fissure-1950.html,Paper Intelligence: MDA-014-fissure-1950,0,,,,,
subdomains\proof-explorer\mda-scorecards\PI_MDA-015-long-decline.html,Paper Intelligence: MDA-015-long-decline,0,,,,,
subdomains\proof-explorer\mda-scorecards\PI_MDA-016-thomas-1974.html,Paper Intelligence: MDA-016-thomas-1974,0,,,,,
subdomains\proof-explorer\mda-scorecards\PI_MDA-017-unraveling-1960.html,Paper Intelligence: MDA-017-unraveling-1960,0,,,,,
subdomains\proof-explorer\mda-scorecards\PI_MDA-018-great-decoupling-1968.html,Paper Intelligence: MDA-018-great-decoupling-1968,0,,,,,
subdomains\proof-explorer\mda-scorecards\PI_MDA-019-current-state-2024.html,Paper Intelligence: MDA-019-current-state-2024,0,,,,,
subdomains\proof-explorer\mda-scorecards\PI_MDA-020-phase-transition.html,Paper Intelligence: MDA-020-phase-transition,0,,,,,
subdomains\proof-explorer\mda-scorecards\PI_MDA-021-anatomy-of-phase-transition.html,Paper Intelligence: MDA-021-anatomy-of-phase-transition,0,,,,,
subdomains\proof-explorer\mda-scorecards\PI_MDA-022-cascade.html,Paper Intelligence: MDA-022-cascade,0,,,,,
subdomains\proof-explorer\mda-scorecards\PI_MDA-023-coherence-cascade.html,Paper Intelligence: MDA-023-coherence-cascade,0,,,,,
subdomains\proof-explorer\mda-scorecards\PI_MDA-024-semantic-collapse.html,Paper Intelligence: MDA-024-semantic-collapse,0,,,,,
subdomains\proof-explorer\mda-scorecards\PI_MDA-025-cognitive-decline.html,Paper Intelligence: MDA-025-cognitive-decline,0,,,,,
subdomains\proof-explorer\mda-scorecards\PI_MDA-026-spiritual-collapse.html,Paper Intelligence: MDA-026-spiritual-collapse,0,,,,,
subdomains\proof-explorer\mda-scorecards\PI_MDA-027-signal-went-dark.html,Paper Intelligence: MDA-027-signal-went-dark,0,,,,,
subdomains\proof-explorer\mda-scorecards\PI_MDA-028-phantom-money.html,Paper Intelligence: MDA-028-phantom-money,0,,,,,
subdomains\proof-explorer\mda-scorecards\PI_MDA-029-observer-collapsed.html,Paper Intelligence: MDA-029-observer-collapsed,0,,,,,
subdomains\proof-explorer\mda-scorecards\PI_MDA-030-trinity-mechanism.html,Paper Intelligence: MDA-030-trinity-mechanism,0,,,,,
subdomains\proof-explorer\mda-scorecards\PI_MDA-031-jacob-1998.html,Paper Intelligence: MDA-031-jacob-1998,0,,,,,
subdomains\proof-explorer\mda-scorecards\PI_MDA-032-why-bad-is-easier.html,Paper Intelligence: MDA-032-why-bad-is-easier,0,,,,,
subdomains\proof-explorer\mda-scorecards\PI_MDA-033-entropic-society.html,Paper Intelligence: MDA-033-entropic-society,0,,,,,
subdomains\proof-explorer\mda-scorecards\PI_MDA-034-technology-entropy.html,Paper Intelligence: MDA-034-technology-entropy,0,,,,,
subdomains\proof-explorer\mda-scorecards\PI_MDA-035-great-reconfiguration.html,Paper Intelligence: MDA-035-great-reconfiguration,0,,,,,
subdomains\proof-explorer\mda-scorecards\PI_MDA-036-regulatory-impulse-1900.html,Paper Intelligence: MDA-036-regulatory-impulse-1900,0,,,,,
subdomains\proof-explorer\mda-scorecards\PI_MDA-037-biaxiosum-audit.html,Paper Intelligence: MDA-037-biaxiosum-audit,0,,,,,
subdomains\proof-explorer\mda-scorecards\PI_MDA-038-coherence-metric.html,Paper Intelligence: MDA-038-coherence-metric,0,,,,,
subdomains\proof-explorer\mda-scorecards\PI_MDA-039-physics-of-coherence.html,Paper Intelligence: MDA-039-physics-of-coherence,0,,,,,
subdomains\proof-explorer\mda-scorecards\PI_MDA-040-statistical-synthesis.html,Paper Intelligence: MDA-040-statistical-synthesis,0,,,,,
subdomains\proof-explorer\mda-scorecards\PI_MDA-041-statistical-spine.html,Paper Intelligence: MDA-041-statistical-spine,0,,,,,
subdomains\proof-explorer\mda-scorecards\PI_MDA-042-amish-exception-THE-CLAIM.html,Paper Intelligence: MDA-042-amish-exception-THE-CLAIM,0,,,,,
subdomains\proof-explorer\mda-scorecards\PI_MDA-043-amish-proof-THE-PROOF.html,Paper Intelligence: MDA-043-amish-proof-THE-PROOF,0,,,,,
subdomains\proof-explorer\mda-scorecards\PI_MDA-044-amish-control-study-THE-METHOD.html,Paper Intelligence: MDA-044-amish-control-study-THE-METHOD,0,,,,,
subdomains\proof-explorer\mda-scorecards\PI_MDA-045-amish-control-group-THE-DATA.html,Paper Intelligence: MDA-045-amish-control-group-THE-DATA,0,,,,,
subdomains\proof-explorer\mda-scorecards\PI_MDA-046-amish-demographics-THE-NUMBERS.html,Paper Intelligence: MDA-046-amish-demographics-THE-NUMBERS,0,,,,,
subdomains\proof-explorer\mda-scorecards\PI_MDA-047-amish-tech-filter-THE-FILTER.html,Paper Intelligence: MDA-047-amish-tech-filter-THE-FILTER,0,,,,,
subdomains\proof-explorer\mda-scorecards\PI_MDA-048-ordnung-algorithm-THE-MECHANISM.html,Paper Intelligence: MDA-048-ordnung-algorithm-THE-MECHANISM,0,,,,,
subdomains\proof-explorer\mda-scorecards\PI_MDA-049-coherence-factory-THE-SYNTHESIS.html,Paper Intelligence: MDA-049-coherence-factory-THE-SYNTHESIS,0,,,,,
subdomains\proof-explorer\mda-scorecards\PI_MDA-050-jacob-2025.html,Paper Intelligence: MDA-050-jacob-2025,0,,,,,
subdomains\proof-explorer\mda-scorecards\PI_MDA-051-korea-experiment.html,Paper Intelligence: MDA-051-korea-experiment,0,,,,,
subdomains\proof-explorer\mda-scorecards\PI_MDA-052-individual-recovery.html,Paper Intelligence: MDA-052-individual-recovery,0,,,,,
subdomains\proof-explorer\mda-scorecards\PI_MDA-053-the-question.html,Paper Intelligence: MDA-053-the-question,0,,,,,
subdomains\proof-explorer\mda-scorecards\PI_MDA-054-way-back.html,Paper Intelligence: MDA-054-way-back,0,,,,,
subdomains\proof-explorer\mda-scorecards\PI_MDA-900-appendix-original-introduction.html,Paper Intelligence: MDA-900-appendix-original-introduction,0,,,,,
subdomains\proof-explorer\mda-scorecards\PI_MDA-901-appendix-america-index.html,Paper Intelligence: MDA-901-appendix-america-index,0,,,,,
subdomains\proof-explorer\mda-scorecards\PI_MDA-902-appendix-trans-domain-analysis.html,Paper Intelligence: MDA-902-appendix-trans-domain-analysis,0,,,,,
subdomains\proof-explorer\mda-scorecards\PI_MDA-903-appendix-series-home.html,Paper Intelligence: MDA-903-appendix-series-home,0,,,,,
subdomains\proof-explorer\mda-scorecards\PI_MDA-904-appendix-sample.html,Paper Intelligence: MDA-904-appendix-sample,0,,,,,
subdomains\proof-explorer\mda-scorecards\PI_MDA-905-appendix-timeline.html,Paper Intelligence: MDA-905-appendix-timeline,0,,,,,
subdomains\proof-explorer\mda-scorecards\PI_MDA-906-appendix-93-year-floor.html,Paper Intelligence: MDA-906-appendix-93-year-floor,0,,,,,
subdomains\rigor\index.html,Rigor — Theophysics Measurement Framework,2,80,contains-title,O:\Vault\_ Theophysics_Case_for_Christ\_CANNON\04_LEAN4_PROOFS\Theophysics_Formal\RIGOR_AND_CORRECTION_LOG.md,RIGOR_AND_CORRECTION_LOG,80:O:\Vault\_ Theophysics_Case_for_Christ\_CANNON\04_LEAN4_PROOFS\Theophysics_Formal\RIGOR_AND_CORRECTION_LOG.md; 80:O:\Vault\_ Theophysics_Case_for_Christ\_CANNON\08_PROVENANCE\RIGOR_AND_CORRECTION_LOG.md
subdomains\rigor\openintel-platform\about.html,OpenIntel Platform — Rigor Card,0,,,,,
subdomains\rigor\openintel-platform\app-shell.html,OpenIntel,0,,,,,
subdomains\rigor\openintel-platform\index.html,OpenIntel,0,,,,,
subdomains\rigor\openintel-platform\source-app\index.html,OpenIntel,0,,,,,
the-bidirectional-audit\index.html,The Bidirectional — Theophysics,0,,,,,
the-bidirectional-audit\tba-01-the-bidirectional.html,The Bidirectional — TBA-01 — Theophysics,0,,,,,
the-bilateral-audit-lean4.html,The Lean 4 Evidence Layer — Bilateral Audit Amendment,0,,,,,
the-bilateral-audit.html,The Bilateral Audit — Theophysics Research Initiative,0,,,,,
theophysics-glossary.html,Redirecting to Glossary…,0,,,,,
three-gates\the-three-gates.html,The Three Gates — Prerequisite Framework for TikTok Apologetics,0,,,,,
three-truths\biology.html,Your Body Already Knows — Coherence in Biology,0,,,,,
three-truths\entropy.html,The Second Law — Everything Dies (Unless...),0,,,,,
three-truths\finetuning.html,The Fine-Tuning Numbers — You Can't Get Lucky 10¹⁰¹²³ Times,0,,,,,
three-truths\godel.html,Gödel's Incompleteness — In Plain Language,0,,,,,
three-truths\hubble.html,The Hubble Tension — The 5σ Crack in the Foundation,0,,,,,
three-truths\index.html,The Unavoidable Conclusion,0,,,,,
three-truths\inversion.html,The Great Inversion — How Right and Wrong Got Switched,0,,,,,
three-truths\irony.html,The Divine Irony — Gödel's Gift,0,,,,,
three-truths\landauer.html,Landauer's Principle — Thought Costs Energy,0,,,,,
three-truths\prayer.html,When the System Asks Its Ground — The Physics of Prayer,0,,,,,
three-truths\propcosmos.html,PROP-COSMOS — 11 for 11 at 5.7σ,0,,,,,
three-truths\terminus.html,Terminus Sui — The Five Proofs of Incompleteness,0,,,,,
three-truths\triad.html,The Triad — Three Lines. No Escape.,0,,,,,
