html_path,title,destination,words,status
audio\index.html,"Theophysics Audio — Narrated Papers, Stories & Deep Dives",production-vault\ripped-md\audio\index.md,715,content
Axiom Layer\axioms-closure.html,Closure & Omega — Proof Explorer — Theophysics,production-vault\ripped-md\Axiom Layer\axioms-closure.md,398,content
Axiom Layer\axioms-layer-0-core.html,Canonical Axiom Foundation — Proof Explorer,production-vault\ripped-md\Axiom Layer\axioms-layer-0-core.md,644,content
Axiom Layer\axioms-layer-2-derived.html,Derived Chain Claims — Proof Explorer,production-vault\ripped-md\Axiom Layer\axioms-layer-2-derived.md,413,content
Axiom Layer\axioms-layer-3-extended.html,Extended Boundary Model — Proof Explorer,production-vault\ripped-md\Axiom Layer\axioms-layer-3-extended.md,420,content
Axiom Layer\fp-005-enhanced.html,FP-005 | Enhanced Proof Explorer — 6-Layer Stack,production-vault\ripped-md\Axiom Layer\fp-005-enhanced.md,595,content
Axiom Layer\fp-005.html,FP-005 | The Resurrection Paper — Proof Explorer,production-vault\ripped-md\Axiom Layer\fp-005.md,586,content
blue\derivatives.html,What the Laws Produce | Derivative Families · David Lowe,production-vault\ripped-md\blue\derivatives.md,4590,content
blue\evolution-probe.html,The Evolution Probe | Three Mathematical Killshots · David Lowe,production-vault\ripped-md\blue\evolution-probe.md,1996,content
blue\gold-standard-test-battery.html,Gold Standard Test Battery | David Lowe,production-vault\ripped-md\blue\gold-standard-test-battery.md,1982,content
blue\i-didnt-write-the-math.html,I Didn't Write the Math. I Found It. | David Lowe,production-vault\ripped-md\blue\i-didnt-write-the-math.md,1419,content
blue\index.html,Where All This Came From | David Lowe · Family Briefing,production-vault\ripped-md\blue\index.md,399,content
blue\lowe-coherence-lagrangian.html,The Lowe Coherence Lagrangian | David Lowe,production-vault\ripped-md\blue\lowe-coherence-lagrangian.md,2950,content
blue\math-is-moral.html,Math Is Moral | David Lowe,production-vault\ripped-md\blue\math-is-moral.md,3737,content
blue\maxwell-truth-isomorphism.html,Maxwell–Truth Field Isomorphism | David Lowe,production-vault\ripped-md\blue\maxwell-truth-isomorphism.md,1504,content
blue\six_proofs.html,Six Computational Proofs | David Lowe,production-vault\ripped-md\blue\six_proofs.md,2184,content
blue\the-same-equation.html,The Same Equation | David Lowe,production-vault\ripped-md\blue\the-same-equation.md,2348,content
components\mtl-reader-bar.html,mtl-reader-bar,production-vault\ripped-md\components\mtl-reader-bar.md,12,component
components\tp-pill-player-bar-snippet.html,tp-pill-player-bar-snippet,production-vault\ripped-md\components\tp-pill-player-bar-snippet.md,25,component
components\tp-pill-player-bar.html,tp-pill-player-bar,production-vault\ripped-md\components\tp-pill-player-bar.md,25,component
components\tp-pill-player.html,TP Pill-Strip Audio Player,production-vault\ripped-md\components\tp-pill-player.md,36,component
convergence-deep\cdt-01-math-is-moral.html,Math Is Moral | Deep Theory CDT-01 | Theophysics,production-vault\ripped-md\convergence-deep\cdt-01-math-is-moral.md,5404,content
convergence-deep\cdt-02-the-maxwell-moment.html,DT002 — The Maxwell Moment | Convergence Deep Theory,production-vault\ripped-md\convergence-deep\cdt-02-the-maxwell-moment.md,3823,content
convergence-deep\cdt-03-the-energy-that-doesnt-run-out.html,DT003 — The Energy That Doesn't Run Out | Theophysics,production-vault\ripped-md\convergence-deep\cdt-03-the-energy-that-doesnt-run-out.md,3906,content
convergence-deep\cdt-04-the-map-that-drew-itself.html,DT004 — The Map That Drew Itself | Theophysics Convergence,production-vault\ripped-md\convergence-deep\cdt-04-the-map-that-drew-itself.md,5038,content
convergence-deep\cdt-06-it-from-bit-from-logos.html,It from Bit from Logos | Deep Theory CDT-06 | Theophysics,production-vault\ripped-md\convergence-deep\cdt-06-it-from-bit-from-logos.md,2243,content
convergence-deep\index.html,The Convergence: Deep Theory | Theophysics,production-vault\ripped-md\convergence-deep\index.md,425,content
convergence-series\cns-01-the-playing-field.html,01 · The Playing Field — The Convergence Series,production-vault\ripped-md\convergence-series\cns-01-the-playing-field.md,1338,content
convergence-series\cns-02-the-evidence.html,02 · The Evidence — The Convergence Series,production-vault\ripped-md\convergence-series\cns-02-the-evidence.md,1587,content
convergence-series\cns-03-why-math-works.html,03 · Why Math Works — The Convergence Series,production-vault\ripped-md\convergence-series\cns-03-why-math-works.md,1555,content
convergence-series\cns-04-the-paradigm-graveyard.html,04 · The Paradigm Graveyard — The Convergence Series,production-vault\ripped-md\convergence-series\cns-04-the-paradigm-graveyard.md,1517,content
convergence-series\cns-05-the-judgment-layer.html,05 · The Judgment Layer — The Convergence Series,production-vault\ripped-md\convergence-series\cns-05-the-judgment-layer.md,1641,content
convergence-series\cns-06-the-priority-of-goodness.html,06 · The Priority of Goodness — The Convergence Series,production-vault\ripped-md\convergence-series\cns-06-the-priority-of-goodness.md,1646,content
convergence-series\cns-07-the-verdict.html,07 · The Verdict — The Convergence Series,production-vault\ripped-md\convergence-series\cns-07-the-verdict.md,1440,content
convergence-series\index.html,The Convergence Series | Theophysics,production-vault\ripped-md\convergence-series\index.md,286,content
equation\index.html,Master Equation Explorer — Theophysics,production-vault\ripped-md\equation\index.md,235,content
equation\Master EQ vs1.html,The Master Equation — Physics and Faith as One Story,production-vault\ripped-md\equation\Master EQ vs1.md,1690,content
genesis-to-quantum\Archive\gtq-02-the-first-quantum-state.html,Article 02: The First Quantum State — Genesis to Quantum,production-vault\ripped-md\genesis-to-quantum\Archive\gtq-02-the-first-quantum-state.md,8773,content
genesis-to-quantum\bridges.html,Bridge Registry — Genesis to Quantum,production-vault\ripped-md\genesis-to-quantum\bridges.md,3025,content
genesis-to-quantum\CODEX_BUILD\examples\gtq-01-finished.html,GTQ-01 The Measurement That Collapsed Reality — Genesis to Quantum,production-vault\ripped-md\genesis-to-quantum\CODEX_BUILD\examples\gtq-01-finished.md,6973,content
genesis-to-quantum\CODEX_BUILD\examples\gtq-02-finished.html,GTQ-02 The First Quantum State — Genesis to Quantum,production-vault\ripped-md\genesis-to-quantum\CODEX_BUILD\examples\gtq-02-finished.md,5096,content
genesis-to-quantum\CODEX_BUILD\template-main.html,[[GTQ-XX]] [[ARTICLE TITLE]] — Genesis to Quantum,production-vault\ripped-md\genesis-to-quantum\CODEX_BUILD\template-main.md,464,content
genesis-to-quantum\gtq-01-measurement-collapsed-reality-N.html,Article 01: The Measurement That Collapsed Reality — Genesis to Quantum,production-vault\ripped-md\genesis-to-quantum\gtq-01-measurement-collapsed-reality-N.md,6647,content
genesis-to-quantum\gtq-01-measurement-collapsed-reality.html,Article 01: The Measurement That Collapsed Reality — Genesis to Quantum,production-vault\ripped-md\genesis-to-quantum\gtq-01-measurement-collapsed-reality.md,6647,content
genesis-to-quantum\gtq-01-OPTION-A-bg-hero.html,Article 01: The Measurement That Collapsed Reality — Genesis to Quantum,production-vault\ripped-md\genesis-to-quantum\gtq-01-OPTION-A-bg-hero.md,6622,content
genesis-to-quantum\gtq-01-OPTION-B-img-hero.html,Article 01: The Measurement That Collapsed Reality — Genesis to Quantum,production-vault\ripped-md\genesis-to-quantum\gtq-01-OPTION-B-img-hero.md,6622,content
genesis-to-quantum\gtq-01a-collapse-threshold.html,The Collapse Threshold | GTQ Tangent 01A,production-vault\ripped-md\genesis-to-quantum\gtq-01a-collapse-threshold.md,2289,content
genesis-to-quantum\gtq-02-collapse-threshold.html,GTQ-02 The Collapse Threshold — Genesis to Quantum,production-vault\ripped-md\genesis-to-quantum\gtq-02-collapse-threshold.md,1930,content
genesis-to-quantum\gtq-02-the-first-quantum-state.html,GTQ-02 The First Quantum State — Genesis to Quantum,production-vault\ripped-md\genesis-to-quantum\gtq-02-the-first-quantum-state.md,5104,content
genesis-to-quantum\gtq-03-first-quantum-state.html,GTQ-03 The First Quantum State — Genesis to Quantum,production-vault\ripped-md\genesis-to-quantum\gtq-03-first-quantum-state.md,4529,content
genesis-to-quantum\gtq-03-free-will-two-frames.html,Article 03: Free Will in Two Frames — Genesis to Quantum,production-vault\ripped-md\genesis-to-quantum\gtq-03-free-will-two-frames.md,10926,content
genesis-to-quantum\gtq-03a-macarthur-and-the-equation.html,GTQ 03A: MacArthur and the Equation | Genesis to Quantum,production-vault\ripped-md\genesis-to-quantum\gtq-03a-macarthur-and-the-equation.md,1669,content
genesis-to-quantum\gtq-03b-the-three-pathways.html,The Three Pathways — Genesis to Quantum,production-vault\ripped-md\genesis-to-quantum\gtq-03b-the-three-pathways.md,2801,content
genesis-to-quantum\gtq-03c-why-god-drowned-everybody.html,Why God Drowned Everybody — Genesis to Quantum,production-vault\ripped-md\genesis-to-quantum\gtq-03c-why-god-drowned-everybody.md,2616,content
genesis-to-quantum\gtq-04-free-will-two-frames.html,GTQ-04 Free Will in Two Frames — Genesis to Quantum,production-vault\ripped-md\genesis-to-quantum\gtq-04-free-will-two-frames.md,5038,content
genesis-to-quantum\gtq-04a-the-decoherence-curve.html,The Decoherence Curve - GTQ Tangent 04A,production-vault\ripped-md\genesis-to-quantum\gtq-04a-the-decoherence-curve.md,3255,content
genesis-to-quantum\gtq-04b-how-lies-kill.html,How Lies Kill — Genesis to Quantum,production-vault\ripped-md\genesis-to-quantum\gtq-04b-how-lies-kill.md,3164,content
genesis-to-quantum\gtq-05-macarthur-and-the-equation.html,GTQ-05 MacArthur and the Equation — Genesis to Quantum,production-vault\ripped-md\genesis-to-quantum\gtq-05-macarthur-and-the-equation.md,3383,content
genesis-to-quantum\gtq-05-macarthur-equation.html,GTQ-05 MacArthur and the Equation — Genesis to Quantum,production-vault\ripped-md\genesis-to-quantum\gtq-05-macarthur-equation.md,3985,content
genesis-to-quantum\gtq-05-the-substrate-fractured.html,Article 05: The Substrate Fractured — Genesis to Quantum,production-vault\ripped-md\genesis-to-quantum\gtq-05-the-substrate-fractured.md,18341,content
genesis-to-quantum\gtq-05a-trinity-mechanism.html,The Trinity Mechanism — Genesis to Quantum,production-vault\ripped-md\genesis-to-quantum\gtq-05a-trinity-mechanism.md,2291,content
genesis-to-quantum\gtq-05b-trinity-timeline.html,The Trinity Timeline — Genesis to Quantum,production-vault\ripped-md\genesis-to-quantum\gtq-05b-trinity-timeline.md,2136,content
genesis-to-quantum\gtq-05c-why-physics-is-broken-in-two.html,Why Physics Is Broken in Two — Genesis to Quantum,production-vault\ripped-md\genesis-to-quantum\gtq-05c-why-physics-is-broken-in-two.md,2180,content
genesis-to-quantum\gtq-06-three-pathways.html,GTQ-06 The Three Pathways — Genesis to Quantum,production-vault\ripped-md\genesis-to-quantum\gtq-06-three-pathways.md,3365,content
genesis-to-quantum\gtq-06-why-reality-needs-three.html,Article 06: Why Reality Needs Three — Genesis to Quantum,production-vault\ripped-md\genesis-to-quantum\gtq-06-why-reality-needs-three.md,3395,content
genesis-to-quantum\gtq-07-the-photon-isnt-watching.html,Article 07: Why the Photon Isn't Watching You Back — Genesis to Quantum,production-vault\ripped-md\genesis-to-quantum\gtq-07-the-photon-isnt-watching.md,214,content
genesis-to-quantum\gtq-07-why-god-drowned-everybody.html,GTQ-07 Why Did God Drown Everybody? — Genesis to Quantum,production-vault\ripped-md\genesis-to-quantum\gtq-07-why-god-drowned-everybody.md,2752,content
genesis-to-quantum\gtq-07a-empirical-testing.html,Empirical Testing of the Master Equation — Genesis to Quantum,production-vault\ripped-md\genesis-to-quantum\gtq-07a-empirical-testing.md,4602,content
genesis-to-quantum\gtq-08-god-doesnt-need-a-clock.html,Article 08: The Eraser and the Cross — Genesis to Quantum,production-vault\ripped-md\genesis-to-quantum\gtq-08-god-doesnt-need-a-clock.md,15384,content
genesis-to-quantum\gtq-08a-the-temporal-trap.html,The Temporal Trap · Genesis to Quantum Tangent 08A,production-vault\ripped-md\genesis-to-quantum\gtq-08a-the-temporal-trap.md,1348,content
genesis-to-quantum\gtq-08b-how-god-restores.html,How God Restores — Genesis to Quantum,production-vault\ripped-md\genesis-to-quantum\gtq-08b-how-god-restores.md,3071,content
genesis-to-quantum\gtq-08c-science-behind-restoration.html,The Science Behind Restoration — Genesis to Quantum,production-vault\ripped-md\genesis-to-quantum\gtq-08c-science-behind-restoration.md,3045,content
genesis-to-quantum\gtq-09-decoherence-curve.html,GTQ-09 The Decoherence Curve — Genesis to Quantum,production-vault\ripped-md\genesis-to-quantum\gtq-09-decoherence-curve.md,2833,content
genesis-to-quantum\gtq-09-same-god-both-testaments.html,Article 09: The Same God in Both Testaments — Genesis to Quantum,production-vault\ripped-md\genesis-to-quantum\gtq-09-same-god-both-testaments.md,14639,content
genesis-to-quantum\gtq-09a-regime-dependent-theology.html,Regime-Dependent Theology — Genesis to Quantum,production-vault\ripped-md\genesis-to-quantum\gtq-09a-regime-dependent-theology.md,2450,content
genesis-to-quantum\gtq-09b-civilizational-decay.html,Isomorphism & Civilizational Decay — Genesis to Quantum,production-vault\ripped-md\genesis-to-quantum\gtq-09b-civilizational-decay.md,3940,content
genesis-to-quantum\gtq-10-how-lies-kill.html,GTQ-10 How Lies Kill — Genesis to Quantum,production-vault\ripped-md\genesis-to-quantum\gtq-10-how-lies-kill.md,3332,content
genesis-to-quantum\gtq-10-the-counter-move.html,Article 10: The Counter-Move — Genesis to Quantum,production-vault\ripped-md\genesis-to-quantum\gtq-10-the-counter-move.md,8539,content
genesis-to-quantum\gtq-10a-why-the-pattern-is-the-signal.html,Why the Pattern Is the Signal — Genesis to Quantum,production-vault\ripped-md\genesis-to-quantum\gtq-10a-why-the-pattern-is-the-signal.md,2702,content
genesis-to-quantum\gtq-11-substrate-fractured.html,GTQ-11 The Substrate Fractured — Genesis to Quantum,production-vault\ripped-md\genesis-to-quantum\gtq-11-substrate-fractured.md,5158,content
genesis-to-quantum\gtq-12-trinity-mechanism.html,GTQ-12 The Trinity Mechanism — Genesis to Quantum,production-vault\ripped-md\genesis-to-quantum\gtq-12-trinity-mechanism.md,3171,content
genesis-to-quantum\gtq-13-trinity-timeline.html,GTQ-13 The Trinity Timeline — Genesis to Quantum,production-vault\ripped-md\genesis-to-quantum\gtq-13-trinity-timeline.md,3494,content
genesis-to-quantum\gtq-14-physics-broken-in-two.html,GTQ-14 Why Physics Is Broken in Two — Genesis to Quantum,production-vault\ripped-md\genesis-to-quantum\gtq-14-physics-broken-in-two.md,3692,content
genesis-to-quantum\gtq-15-reality-needs-three.html,GTQ-15 Why Reality Needs Three — Genesis to Quantum,production-vault\ripped-md\genesis-to-quantum\gtq-15-reality-needs-three.md,3706,content
genesis-to-quantum\gtq-15-why-reality-needs-three.html,GTQ-15 Why Reality Needs Three — Genesis to Quantum,production-vault\ripped-md\genesis-to-quantum\gtq-15-why-reality-needs-three.md,3485,content
genesis-to-quantum\gtq-16-photon-isnt-watching.html,GTQ-16 The Photon Isn't Watching You Back — Genesis to Quantum,production-vault\ripped-md\genesis-to-quantum\gtq-16-photon-isnt-watching.md,6510,content
genesis-to-quantum\gtq-17-ran-the-numbers.html,GTQ-17 We Actually Ran the Numbers — Genesis to Quantum,production-vault\ripped-md\genesis-to-quantum\gtq-17-ran-the-numbers.md,2855,content
genesis-to-quantum\gtq-18-eraser-and-cross.html,GTQ-18 The Eraser and the Cross — Genesis to Quantum,production-vault\ripped-md\genesis-to-quantum\gtq-18-eraser-and-cross.md,5253,content
genesis-to-quantum\gtq-18-eraser-and-the-cross.html,GTQ-18 The Eraser and the Cross — Genesis to Quantum,production-vault\ripped-md\genesis-to-quantum\gtq-18-eraser-and-the-cross.md,4646,content
genesis-to-quantum\gtq-19-temporal-trap.html,GTQ-19 The Temporal Trap — Genesis to Quantum,production-vault\ripped-md\genesis-to-quantum\gtq-19-temporal-trap.md,3773,content
genesis-to-quantum\gtq-20-how-god-restores.html,GTQ-20 How God Restores — Genesis to Quantum,production-vault\ripped-md\genesis-to-quantum\gtq-20-how-god-restores.md,3409,content
genesis-to-quantum\gtq-21-science-behind-restoration.html,GTQ-21 The Science Behind the Restoration — Genesis to Quantum,production-vault\ripped-md\genesis-to-quantum\gtq-21-science-behind-restoration.md,2761,content
genesis-to-quantum\gtq-22-same-god-both-testaments.html,GTQ-22 The Same God in Both Testaments — Genesis to Quantum,production-vault\ripped-md\genesis-to-quantum\gtq-22-same-god-both-testaments.md,4271,content
genesis-to-quantum\gtq-23-regime-dependent-theology.html,GTQ-23 The Structural Case for Regime-Dependent Theology — Genesis to Quantum,production-vault\ripped-md\genesis-to-quantum\gtq-23-regime-dependent-theology.md,2613,content
genesis-to-quantum\gtq-24-societies-die-same-way.html,GTQ-24 Societies Die the Same Way People Do — Genesis to Quantum,production-vault\ripped-md\genesis-to-quantum\gtq-24-societies-die-same-way.md,2883,content
genesis-to-quantum\gtq-24-societies-die.html,GTQ-24 Societies Die the Same Way People Do — Genesis to Quantum,production-vault\ripped-md\genesis-to-quantum\gtq-24-societies-die.md,5573,content
genesis-to-quantum\gtq-25-counter-move.html,GTQ-25 The Counter-Move — Genesis to Quantum,production-vault\ripped-md\genesis-to-quantum\gtq-25-counter-move.md,3660,content
genesis-to-quantum\gtq-26-pattern-is-the-signal.html,GTQ-26 Why the Pattern Is the Signal — Genesis to Quantum,production-vault\ripped-md\genesis-to-quantum\gtq-26-pattern-is-the-signal.md,4206,content
genesis-to-quantum\index-gtq.html,Genesis to Quantum — A Unified Framework | Theophysics,production-vault\ripped-md\genesis-to-quantum\index-gtq.md,1103,content
genesis-to-quantum\index.html,Genesis to Quantum — The Core Series,production-vault\ripped-md\genesis-to-quantum\index.md,1449,content
genesis-to-quantum\intro\gtq-01-measurement-collapsed-reality-N.html,Article 01: The Measurement That Collapsed Reality — Genesis to Quantum,production-vault\ripped-md\genesis-to-quantum\intro\gtq-01-measurement-collapsed-reality-N.md,6648,content
genesis-to-quantum\intro\index.html,Genesis to Quantum — The Core Series,production-vault\ripped-md\genesis-to-quantum\intro\index.md,1238,content
genesis-to-quantum\intro\information-theoretic-form.html,Genesis to Quantum — Information-Theoretic Form,production-vault\ripped-md\genesis-to-quantum\intro\information-theoretic-form.md,1357,content
genesis-to-quantum\intro\paper-template.html,LOWE FACTS+UADP v2.0 — Paper Template | Theophysics,production-vault\ripped-md\genesis-to-quantum\intro\paper-template.md,765,content
genesis-to-quantum\intro\theophysics-blackboard.html,Theophysics Blackboard — Visual Sketch Generator,production-vault\ripped-md\genesis-to-quantum\intro\theophysics-blackboard.md,46,low_signal
genesis-to-quantum\iso\iso-001-gravity-sin.html,ISO-001: Gravity ↔ Sin | Theophysics Registry,production-vault\ripped-md\genesis-to-quantum\iso\iso-001-gravity-sin.md,1055,content
genesis-to-quantum\iso\iso-002-superposition-eden.html,ISO-002: Quantum Superposition ↔ Edenic Moral State | Theophysics Registry,production-vault\ripped-md\genesis-to-quantum\iso\iso-002-superposition-eden.md,1211,content
genesis-to-quantum\iso\iso-003-collapse-fall.html,ISO-003: Wavefunction Collapse ↔ The Fall | Theophysics Registry,production-vault\ripped-md\genesis-to-quantum\iso\iso-003-collapse-fall.md,1306,content
genesis-to-quantum\iso\iso-004-born-rule-trinity.html,ISO-004: Born Rule Triad ↔ The Trinity | Theophysics Registry,production-vault\ripped-md\genesis-to-quantum\iso\iso-004-born-rule-trinity.md,1732,content
genesis-to-quantum\iso\iso-005-decoherence-lifespan.html,ISO-005: Decoherence ↔ Lifespan | Theophysics Registry,production-vault\ripped-md\genesis-to-quantum\iso\iso-005-decoherence-lifespan.md,1058,content
genesis-to-quantum\iso\iso-006-coherence-salvation.html,ISO-006: Coherence Equation ↔ Salvation/Sanctification | Theophysics Registry,production-vault\ripped-md\genesis-to-quantum\iso\iso-006-coherence-salvation.md,1268,content
genesis-to-quantum\iso\iso-007-substrate-fracture.html,ISO-007: GR/QM Incompatibility ↔ The Substrate Fracture | Theophysics Registry,production-vault\ripped-md\genesis-to-quantum\iso\iso-007-substrate-fracture.md,1189,content
genesis-to-quantum\iso\iso-008-eraser-atonement.html,ISO-008: Delayed-Choice Quantum Eraser ↔ Retrocausal Atonement | Theophysics Registry,production-vault\ripped-md\genesis-to-quantum\iso\iso-008-eraser-atonement.md,1045,content
genesis-to-quantum\iso\iso-009-entropy-wages-sin.html,"ISO-009: Boltzmann Entropy ↔ ""The Wages of Sin Is Death"" | Theophysics Registry",production-vault\ripped-md\genesis-to-quantum\iso\iso-009-entropy-wages-sin.md,1327,content
genesis-to-quantum\iso\iso-011-seven-attacks-counters.html,ISO-011: Seven Genesis 3 Attacks ↔ Seven Cross Counter-Moves | Theophysics Registry,production-vault\ripped-md\genesis-to-quantum\iso\iso-011-seven-attacks-counters.md,1428,content
genesis-to-quantum\template-deepdive.html,[[GTQ-XX]] [[ARTICLE TITLE]] — Genesis to Quantum,production-vault\ripped-md\genesis-to-quantum\template-deepdive.md,354,content
genesis-to-quantum\template-main.html,[[GTQ-XX]] [[ARTICLE TITLE]] — Genesis to Quantum,production-vault\ripped-md\genesis-to-quantum\template-main.md,463,content
genesis-to-quantum\video-library.html,Video Library — Genesis to Quantum,production-vault\ripped-md\genesis-to-quantum\video-library.md,1832,content
glossary\index-kimi.html,Theophysical Lexicon — Theophysics,production-vault\ripped-md\glossary\index-kimi.md,34,low_signal
glossary\index.html,THEOPHYSICS — Glossary of the Fractured Substrate,production-vault\ripped-md\glossary\index.md,19,low_signal
image-registry.html,Redirecting to Media Library…,production-vault\ripped-md\image-registry.md,31,redirect
index.html,Faith Through Physics — Where Physics Meets Genesis,production-vault\ripped-md\index.md,1482,content
isomorphism\00_readme.html,00_README,production-vault\ripped-md\isomorphism\00_readme.md,598,content
isomorphism\index.html,Isomorphism Explorer — Theophysics,production-vault\ripped-md\isomorphism\index.md,407,content
isomorphism\iso-001-gravity-sin.html,ISO-001: Gravity ↔ Sin | Theophysics Registry,production-vault\ripped-md\isomorphism\iso-001-gravity-sin.md,1054,content
isomorphism\iso-001_trinity_mathematical_structure.html,ISO-001_Trinity_Mathematical_Structure,production-vault\ripped-md\isomorphism\iso-001_trinity_mathematical_structure.md,907,content
isomorphism\iso-002-superposition-eden.html,ISO-002: Quantum Superposition ↔ Edenic Moral State | Theophysics Registry,production-vault\ripped-md\isomorphism\iso-002-superposition-eden.md,1210,content
isomorphism\iso-002_terminus_sui_grace.html,ISO-002_Terminus_Sui_Grace,production-vault\ripped-md\isomorphism\iso-002_terminus_sui_grace.md,1435,content
isomorphism\iso-003-collapse-fall.html,ISO-003: Wavefunction Collapse ↔ The Fall | Theophysics Registry,production-vault\ripped-md\isomorphism\iso-003-collapse-fall.md,1305,content
isomorphism\iso-003_entropy_sin.html,ISO-003_Entropy_Sin,production-vault\ripped-md\isomorphism\iso-003_entropy_sin.md,1640,content
isomorphism\iso-004-born-rule-trinity.html,ISO-004: Born Rule Triad ↔ The Trinity | Theophysics Registry,production-vault\ripped-md\isomorphism\iso-004-born-rule-trinity.md,1731,content
isomorphism\iso-004_quantum_collapse_fall.html,ISO-004_Quantum_Collapse_Fall,production-vault\ripped-md\isomorphism\iso-004_quantum_collapse_fall.md,1624,content
isomorphism\iso-005-decoherence-lifespan.html,ISO-005: Decoherence ↔ Lifespan | Theophysics Registry,production-vault\ripped-md\isomorphism\iso-005-decoherence-lifespan.md,1057,content
isomorphism\iso-005_fiat_phantom_energy.html,ISO-005_Fiat_Phantom_Energy,production-vault\ripped-md\isomorphism\iso-005_fiat_phantom_energy.md,2071,content
isomorphism\iso-006-coherence-salvation.html,ISO-006: Coherence Equation ↔ Salvation/Sanctification | Theophysics Registry,production-vault\ripped-md\isomorphism\iso-006-coherence-salvation.md,1267,content
isomorphism\iso-006_information_primacy.html,ISO-006_Information_Primacy,production-vault\ripped-md\isomorphism\iso-006_information_primacy.md,1818,content
isomorphism\iso-007-substrate-fracture.html,ISO-007: GR/QM Incompatibility ↔ The Substrate Fracture | Theophysics Registry,production-vault\ripped-md\isomorphism\iso-007-substrate-fracture.md,1188,content
isomorphism\iso-007_self_grounding_substrate.html,ISO-007_Self_Grounding_Substrate,production-vault\ripped-md\isomorphism\iso-007_self_grounding_substrate.md,1944,content
isomorphism\iso-008-eraser-atonement.html,ISO-008: Delayed-Choice Quantum Eraser ↔ Retrocausal Atonement | Theophysics Registry,production-vault\ripped-md\isomorphism\iso-008-eraser-atonement.md,1044,content
isomorphism\iso-008_coherence_order.html,ISO-008_Coherence_Order,production-vault\ripped-md\isomorphism\iso-008_coherence_order.md,1898,content
isomorphism\iso-009-entropy-wages-sin.html,"ISO-009: Boltzmann Entropy ↔ ""The Wages of Sin Is Death"" | Theophysics Registry",production-vault\ripped-md\isomorphism\iso-009-entropy-wages-sin.md,1326,content
isomorphism\iso-009_compression_simplicity.html,ISO-009_Compression_Simplicity,production-vault\ripped-md\isomorphism\iso-009_compression_simplicity.md,1996,content
isomorphism\iso-010_observer_participation.html,ISO-010_Observer_Participation,production-vault\ripped-md\isomorphism\iso-010_observer_participation.md,2096,content
isomorphism\iso-011-seven-attacks-counters.html,ISO-011: Seven Genesis 3 Attacks ↔ Seven Cross Counter-Moves | Theophysics Registry,production-vault\ripped-md\isomorphism\iso-011-seven-attacks-counters.md,1427,content
isomorphism\iso-011_superposition_collapse.html,ISO-011_Superposition_Collapse,production-vault\ripped-md\isomorphism\iso-011_superposition_collapse.md,2584,content
isomorphism\iso-012_sign_operator.html,ISO-012_Sign_Operator,production-vault\ripped-md\isomorphism\iso-012_sign_operator.md,2927,content
isomorphism\iso-014_soul_field.html,ISO-014_Soul_Field,production-vault\ripped-md\isomorphism\iso-014_soul_field.md,1974,content
isomorphism\iso-015_moral_physics.html,ISO-015_Moral_Physics,production-vault\ripped-md\isomorphism\iso-015_moral_physics.md,2088,content
isomorphism\iso-016_eschatological_attractors.html,ISO-016_Eschatological_Attractors,production-vault\ripped-md\isomorphism\iso-016_eschatological_attractors.md,2634,content
isomorphism\iso-017_quantum_gravity_unification.html,ISO-017_Quantum_Gravity_Unification,production-vault\ripped-md\isomorphism\iso-017_quantum_gravity_unification.md,2121,content
isomorphism\iso-018_cosmological_grace.html,ISO-018_Cosmological_Grace,production-vault\ripped-md\isomorphism\iso-018_cosmological_grace.md,2632,content
isomorphism\iso-020_ai_consciousness.html,ISO-020_AI_Consciousness,production-vault\ripped-md\isomorphism\iso-020_ai_consciousness.md,2042,content
isomorphism\iso-021_falsifiability_architecture.html,ISO-021_Falsifiability_Architecture,production-vault\ripped-md\isomorphism\iso-021_falsifiability_architecture.md,1967,content
isomorphism\iso-022_ten_laws_integration.html,ISO-022_Ten_Laws_Integration,production-vault\ripped-md\isomorphism\iso-022_ten_laws_integration.md,2153,content
isomorphism\iso-024_worldview_uniqueness.html,ISO-024_Worldview_Uniqueness,production-vault\ripped-md\isomorphism\iso-024_worldview_uniqueness.md,2418,content
isomorphism\iso-025_immunology_soteriology.html,ISO-025_Immunology_Soteriology,production-vault\ripped-md\isomorphism\iso-025_immunology_soteriology.md,2105,content
isomorphism\iso-026_addiction_sin_bondage.html,ISO-026_Addiction_Sin_Bondage,production-vault\ripped-md\isomorphism\iso-026_addiction_sin_bondage.md,2502,content
isomorphism\iso-027_epidemiology_sin_propagation.html,ISO-027_Epidemiology_Sin_Propagation,production-vault\ripped-md\isomorphism\iso-027_epidemiology_sin_propagation.md,2602,content
isomorphism\iso-028_ecology_ecclesiology.html,ISO-028_Ecology_Ecclesiology,production-vault\ripped-md\isomorphism\iso-028_ecology_ecclesiology.md,2885,content
isomorphism\iso-029_music_theory_trinitarian_harmony.html,ISO-029_Music_Theory_Trinitarian_Harmony,production-vault\ripped-md\isomorphism\iso-029_music_theory_trinitarian_harmony.md,2088,content
isomorphism\iso-030_genetics_scriptural_transmission.html,ISO-030_Genetics_Scriptural_Transmission,production-vault\ripped-md\isomorphism\iso-030_genetics_scriptural_transmission.md,2096,content
isomorphism\iso-031_network_science_ecclesiology.html,ISO-031_Network_Science_Ecclesiology,production-vault\ripped-md\isomorphism\iso-031_network_science_ecclesiology.md,2375,content
isomorphism\iso-032_attachment_theory_prayer_worship.html,ISO-032_Attachment_Theory_Prayer_Worship,production-vault\ripped-md\isomorphism\iso-032_attachment_theory_prayer_worship.md,2671,content
isomorphism\iso-033_pharmacology_grace_mechanics.html,ISO-033_Pharmacology_Grace_Mechanics,production-vault\ripped-md\isomorphism\iso-033_pharmacology_grace_mechanics.md,2350,content
isomorphism\iso-034_control_theory_providence.html,ISO-034_Control_Theory_Providence,production-vault\ripped-md\isomorphism\iso-034_control_theory_providence.md,3254,content
isomorphism\iso-035_cryptography_mystery_revelation.html,ISO-035_Cryptography_Mystery_Revelation,production-vault\ripped-md\isomorphism\iso-035_cryptography_mystery_revelation.md,3255,content
isomorphism\iso-036_fluid_dynamics_pneumatology.html,ISO-036_Fluid_Dynamics_Pneumatology,production-vault\ripped-md\isomorphism\iso-036_fluid_dynamics_pneumatology.md,3907,content
isomorphism\iso-037_beer_lambert_transaction_extraction.html,ISO-037_Beer_Lambert_Transaction_Extraction,production-vault\ripped-md\isomorphism\iso-037_beer_lambert_transaction_extraction.md,1698,content
isomorphism\iso-038_fulbright_isomorphism.html,ISO-038 Fulbright Isomorphism,production-vault\ripped-md\isomorphism\iso-038_fulbright_isomorphism.md,17,redirect
isomorphism\Isomorphism_Registry.html,Isomorphism Registry — Theophysics Evidence Engine,production-vault\ripped-md\isomorphism\Isomorphism_Registry.md,14095,content
isomorphism\structural-isomorphism.html,The Structural Isomorphism — Proof by Architecture,production-vault\ripped-md\isomorphism\structural-isomorphism.md,2407,content
lean4\lean4-corpus.html,The Lean 4 Corpus — Theophysics Research Initiative,production-vault\ripped-md\lean4\lean4-corpus.md,7164,content
lean4\lean4-index.html,Lean 4 Formal Verification — Theophysics,production-vault\ripped-md\lean4\lean4-index.md,854,content
master-equation\index.html,Master Equation Explorer — Theophysics,production-vault\ripped-md\master-equation\index.md,235,content
master-equation\meq-01-G-grace.html,Redirecting to Master Equation,production-vault\ripped-md\master-equation\meq-01-G-grace.md,19,redirect
master-equation\meq-02-M-meaning.html,Redirecting to Master Equation,production-vault\ripped-md\master-equation\meq-02-M-meaning.md,19,redirect
master-equation\meq-03-E-truth.html,Redirecting to Master Equation,production-vault\ripped-md\master-equation\meq-03-E-truth.md,19,redirect
master-equation\meq-04-S-entropy.html,Redirecting to Master Equation,production-vault\ripped-md\master-equation\meq-04-S-entropy.md,19,redirect
master-equation\meq-05-T-logos.html,Redirecting to Master Equation,production-vault\ripped-md\master-equation\meq-05-T-logos.md,19,redirect
master-equation\meq-06-K-love.html,Redirecting to Master Equation,production-vault\ripped-md\master-equation\meq-06-K-love.md,19,redirect
master-equation\meq-07-R-relationship.html,Redirecting to Master Equation,production-vault\ripped-md\master-equation\meq-07-R-relationship.md,19,redirect
master-equation\meq-08-Q-faith.html,Redirecting to Master Equation,production-vault\ripped-md\master-equation\meq-08-Q-faith.md,19,redirect
master-equation\meq-09-F-sin.html,Redirecting to Master Equation,production-vault\ripped-md\master-equation\meq-09-F-sin.md,19,redirect
master-equation\meq-10-C-coherence.html,Redirecting to Master Equation,production-vault\ripped-md\master-equation\meq-10-C-coherence.md,19,redirect
master-equation\meq-Formalism.html,Redirecting to Master Equation,production-vault\ripped-md\master-equation\meq-Formalism.md,19,redirect
master-equation-explorer.html,Redirecting to Equation Explorer…,production-vault\ripped-md\master-equation-explorer.md,31,redirect
master_story_index.html,The Master Story — Theophysics Narrative Index,production-vault\ripped-md\master_story_index.md,959,content
mda\00-entry-and-series-map\index.html,The Lowe Family Stories — Five Generations of American Decline,production-vault\ripped-md\mda\00-entry-and-series-map\index.md,276,content
mda\00-entry-and-series-map\MDA-000-series-map.html,The Moral Decline of America — Series Index,production-vault\ripped-md\mda\00-entry-and-series-map\MDA-000-series-map.md,364,content
mda\01-story-thread\MDA-001-story-introduction.html,Introduction — The Moral Decline of America,production-vault\ripped-md\mda\01-story-thread\MDA-001-story-introduction.md,763,content
mda\01-story-thread\MDA-002-samuel-1900.html,Story 01: Samuel (1900) — The Moral Decline of America,production-vault\ripped-md\mda\01-story-thread\MDA-002-samuel-1900.md,200,content
mda\01-story-thread\MDA-008-henry-1926.html,Part II: Henry (1926) -- The Moral Decline of America,production-vault\ripped-md\mda\01-story-thread\MDA-008-henry-1926.md,3615,content
mda\01-story-thread\MDA-011-collective-security-1930.html,1930–1940: The Age of Collective Security — The Moral Decline of America,production-vault\ripped-md\mda\01-story-thread\MDA-011-collective-security-1930.md,1733,content
mda\01-story-thread\MDA-012-william-1950.html,Part III: William (1950) -- The Moral Decline of America,production-vault\ripped-md\mda\01-story-thread\MDA-012-william-1950.md,3617,content
mda\01-story-thread\MDA-016-thomas-1974.html,Part IV: Thomas (1974) -- The Moral Decline of America,production-vault\ripped-md\mda\01-story-thread\MDA-016-thomas-1974.md,3334,content
mda\01-story-thread\MDA-031-jacob-1998.html,Part V: Jacob (1998) -- The Moral Decline of America,production-vault\ripped-md\mda\01-story-thread\MDA-031-jacob-1998.md,2779,content
mda\01-story-thread\MDA-050-jacob-2025.html,Part VI: Jacob (2025) -- The Moral Decline of America,production-vault\ripped-md\mda\01-story-thread\MDA-050-jacob-2025.md,4257,content
mda\02-method-and-metrics\MDA-003-measuring-moral-health.html,Part 1: What If We Could Measure Moral Health? — The Moral Decline of America,production-vault\ripped-md\mda\02-method-and-metrics\MDA-003-measuring-moral-health.md,747,content
mda\02-method-and-metrics\MDA-004-facts-framework.html,The Coherence Decay of American Society — FACTS Paper,production-vault\ripped-md\mda\02-method-and-metrics\MDA-004-facts-framework.md,2412,content
mda\02-method-and-metrics\MDA-006-research-method.html,Research Method — The Moral Decline of America,production-vault\ripped-md\mda\02-method-and-metrics\MDA-006-research-method.md,993,content
mda\02-method-and-metrics\MDA-007-nine-domains.html,Part 2: The Nine Domains — The Moral Decline of America,production-vault\ripped-md\mda\02-method-and-metrics\MDA-007-nine-domains.md,978,content
mda\02-method-and-metrics\MDA-037-biaxiosum-audit.html,The Biaxiosum Audit — The Moral Decline of America,production-vault\ripped-md\mda\02-method-and-metrics\MDA-037-biaxiosum-audit.md,1119,content
mda\02-method-and-metrics\MDA-038-coherence-metric.html,The Coherence Metric — A Physics-Based Framework for Measuring Structural Integrity,production-vault\ripped-md\mda\02-method-and-metrics\MDA-038-coherence-metric.md,1607,content
mda\02-method-and-metrics\MDA-039-physics-of-coherence.html,The Physics of Coherence - The Moral Decline of America,production-vault\ripped-md\mda\02-method-and-metrics\MDA-039-physics-of-coherence.md,301,content
mda\02-method-and-metrics\MDA-040-statistical-synthesis.html,The Moral Decay of America: Statistical Synthesis,production-vault\ripped-md\mda\02-method-and-metrics\MDA-040-statistical-synthesis.md,1929,content
mda\02-method-and-metrics\MDA-041-statistical-spine.html,The Statistical Spine — Moral Decline of America | Theophysics,production-vault\ripped-md\mda\02-method-and-metrics\MDA-041-statistical-spine.md,614,content
mda\03-evidence-chronology\MDA-005-empirical-evidence.html,The Empirical Evidence — The Moral Decline of America,production-vault\ripped-md\mda\03-evidence-chronology\MDA-005-empirical-evidence.md,1009,content
mda\03-evidence-chronology\MDA-009-the-1900-baseline.html,Part 3: The 1900 Baseline — The Moral Decline of America,production-vault\ripped-md\mda\03-evidence-chronology\MDA-009-the-1900-baseline.md,1179,content
mda\03-evidence-chronology\MDA-010-pre-modern-baseline.html,The Pre-Modern Baseline (1900–1919) — The Moral Decline of America,production-vault\ripped-md\mda\03-evidence-chronology\MDA-010-pre-modern-baseline.md,3446,content
mda\03-evidence-chronology\MDA-013-peak-coherence-1940.html,1940-1949: Peak Coherence — The Crucible of Consensus,production-vault\ripped-md\mda\03-evidence-chronology\MDA-013-peak-coherence-1940.md,2121,content
mda\03-evidence-chronology\MDA-014-fissure-1950.html,The Fissure in Conformity (1950–1960) — The Moral Decline of America,production-vault\ripped-md\mda\03-evidence-chronology\MDA-014-fissure-1950.md,1716,content
mda\03-evidence-chronology\MDA-015-long-decline.html,Part 4: The Long Decline (1900-1965) — The Moral Decline of America,production-vault\ripped-md\mda\03-evidence-chronology\MDA-015-long-decline.md,879,content
mda\03-evidence-chronology\MDA-017-unraveling-1960.html,1960–1967: The Unraveling — The Moral Decline of America,production-vault\ripped-md\mda\03-evidence-chronology\MDA-017-unraveling-1960.md,1687,content
mda\03-evidence-chronology\MDA-018-great-decoupling-1968.html,The Great Decoupling (1968–1973) — The Moral Decline of America,production-vault\ripped-md\mda\03-evidence-chronology\MDA-018-great-decoupling-1968.md,2606,content
mda\03-evidence-chronology\MDA-019-current-state-2024.html,2024–2025: The Current State — Where Coherence Still Lives,production-vault\ripped-md\mda\03-evidence-chronology\MDA-019-current-state-2024.md,2172,content
mda\04-collapse-mechanisms\MDA-020-phase-transition.html,Part 5: The Phase Transition (1968-1973) — The Moral Decline of America,production-vault\ripped-md\mda\04-collapse-mechanisms\MDA-020-phase-transition.md,923,content
mda\04-collapse-mechanisms\MDA-021-anatomy-of-phase-transition.html,The Anatomy of a Phase Transition — The Moral Decline of America,production-vault\ripped-md\mda\04-collapse-mechanisms\MDA-021-anatomy-of-phase-transition.md,1295,content
mda\04-collapse-mechanisms\MDA-022-cascade.html,Part 6: The Cascade (1973-2024) — The Moral Decline of America,production-vault\ripped-md\mda\04-collapse-mechanisms\MDA-022-cascade.md,979,content
mda\04-collapse-mechanisms\MDA-023-coherence-cascade.html,The Coherence Cascade: Words Fail First,production-vault\ripped-md\mda\04-collapse-mechanisms\MDA-023-coherence-cascade.md,281,content
mda\04-collapse-mechanisms\MDA-024-semantic-collapse.html,The Semantic Precursor — How Language Fails First | Moral Decline of America (03/10),production-vault\ripped-md\mda\04-collapse-mechanisms\MDA-024-semantic-collapse.md,718,content
mda\04-collapse-mechanisms\MDA-025-cognitive-decline.html,The Cognitive Decline — The Great SAT Score Turnover | Moral Decline of America (04/10),production-vault\ripped-md\mda\04-collapse-mechanisms\MDA-025-cognitive-decline.md,666,content
mda\04-collapse-mechanisms\MDA-026-spiritual-collapse.html,The Spiritual & Psychological Collapse | Moral Decline of America (05/10),production-vault\ripped-md\mda\04-collapse-mechanisms\MDA-026-spiritual-collapse.md,679,content
mda\04-collapse-mechanisms\MDA-027-signal-went-dark.html,The Signal Went Dark — Institutional Truth Collapse | Moral Decline of America (06/10),production-vault\ripped-md\mda\04-collapse-mechanisms\MDA-027-signal-went-dark.md,1271,content
mda\04-collapse-mechanisms\MDA-028-phantom-money.html,"Phantom Money, Phantom Morals — Economic Collapse | Moral Decline of America",production-vault\ripped-md\mda\04-collapse-mechanisms\MDA-028-phantom-money.md,1366,content
mda\04-collapse-mechanisms\MDA-029-observer-collapsed.html,The Observer Collapsed — Individual Identity Dissolution | Moral Decline of America,production-vault\ripped-md\mda\04-collapse-mechanisms\MDA-029-observer-collapsed.md,1362,content
mda\04-collapse-mechanisms\MDA-030-trinity-mechanism.html,The Trinity-Wave Collapse Mechanism — Theophysics,production-vault\ripped-md\mda\04-collapse-mechanisms\MDA-030-trinity-mechanism.md,1471,content
mda\04-collapse-mechanisms\MDA-032-why-bad-is-easier.html,Why the Bad Is Easier Than the Good — The Moral Decline of America,production-vault\ripped-md\mda\04-collapse-mechanisms\MDA-032-why-bad-is-easier.md,776,content
mda\04-collapse-mechanisms\MDA-033-entropic-society.html,"The Entropic Society — Technology, Obsolescence, and the Devaluation of American Moral Capital",production-vault\ripped-md\mda\04-collapse-mechanisms\MDA-033-entropic-society.md,4338,content
mda\04-collapse-mechanisms\MDA-034-technology-entropy.html,"The Entropic Society — Technology, Obsolescence, and Moral Decline",production-vault\ripped-md\mda\04-collapse-mechanisms\MDA-034-technology-entropy.md,2176,content
mda\04-collapse-mechanisms\MDA-035-great-reconfiguration.html,The Great Reconfiguration — A Century of Structural Change in American Christianity,production-vault\ripped-md\mda\04-collapse-mechanisms\MDA-035-great-reconfiguration.md,4013,content
mda\04-collapse-mechanisms\MDA-036-regulatory-impulse-1900.html,The Regulatory Impulse — Moral Foundation 1900–1910,production-vault\ripped-md\mda\04-collapse-mechanisms\MDA-036-regulatory-impulse-1900.md,4851,content
mda\05-amish-and-case-studies\MDA-042-amish-exception-THE-CLAIM.html,The Amish Exception — Decline Was Not Inevitable,production-vault\ripped-md\mda\05-amish-and-case-studies\MDA-042-amish-exception-THE-CLAIM.md,907,content
mda\05-amish-and-case-studies\MDA-043-amish-proof-THE-PROOF.html,The Amish Proof — A Control Group for Coherence | Moral Decline of America,production-vault\ripped-md\mda\05-amish-and-case-studies\MDA-043-amish-proof-THE-PROOF.md,2208,content
mda\05-amish-and-case-studies\MDA-044-amish-control-study-THE-METHOD.html,Amish vs. America: The Control Study — The Moral Decline of America,production-vault\ripped-md\mda\05-amish-and-case-studies\MDA-044-amish-control-study-THE-METHOD.md,1292,content
mda\05-amish-and-case-studies\MDA-045-amish-control-group-THE-DATA.html,The Amish Anomaly — A Control Group for American Moral Decay,production-vault\ripped-md\mda\05-amish-and-case-studies\MDA-045-amish-control-group-THE-DATA.md,3220,content
mda\05-amish-and-case-studies\MDA-046-amish-demographics-THE-NUMBERS.html,Demographics & Growth — The Amish Ascension,production-vault\ripped-md\mda\05-amish-and-case-studies\MDA-046-amish-demographics-THE-NUMBERS.md,2270,content
mda\05-amish-and-case-studies\MDA-047-amish-tech-filter-THE-FILTER.html,The Technological Filter — The Moral Decline of America,production-vault\ripped-md\mda\05-amish-and-case-studies\MDA-047-amish-tech-filter-THE-FILTER.md,1914,content
mda\05-amish-and-case-studies\MDA-048-ordnung-algorithm-THE-MECHANISM.html,The Amish Ordnung as System Algorithm — The Moral Decline of America,production-vault\ripped-md\mda\05-amish-and-case-studies\MDA-048-ordnung-algorithm-THE-MECHANISM.md,4395,content
mda\05-amish-and-case-studies\MDA-049-coherence-factory-THE-SYNTHESIS.html,The Coherence Factory — The Moral Decline of America,production-vault\ripped-md\mda\05-amish-and-case-studies\MDA-049-coherence-factory-THE-SYNTHESIS.md,1587,content
mda\05-amish-and-case-studies\MDA-051-korea-experiment.html,Part 8: The Korea Experiment — The Moral Decline of America,production-vault\ripped-md\mda\05-amish-and-case-studies\MDA-051-korea-experiment.md,910,content
mda\06-recovery-and-synthesis\MDA-052-individual-recovery.html,Part 9: Individual Recovery — The Moral Decline of America,production-vault\ripped-md\mda\06-recovery-and-synthesis\MDA-052-individual-recovery.md,901,content
mda\06-recovery-and-synthesis\MDA-053-the-question.html,Part 10: The Question — The Moral Decline of America,production-vault\ripped-md\mda\06-recovery-and-synthesis\MDA-053-the-question.md,1115,content
mda\06-recovery-and-synthesis\MDA-054-way-back.html,The Way Back — Recovery Physics | Moral Decline of America,production-vault\ripped-md\mda\06-recovery-and-synthesis\MDA-054-way-back.md,2738,content
mda\90-appendices-and-source-packets\MDA-900-appendix-original-introduction.html,Introduction & FACTS Framework — The Moral Decline of America,production-vault\ripped-md\mda\90-appendices-and-source-packets\MDA-900-appendix-original-introduction.md,1236,content
mda\90-appendices-and-source-packets\MDA-901-appendix-america-index.html,The Moral Decline of America — Series Index | Theophysics Institute,production-vault\ripped-md\mda\90-appendices-and-source-packets\MDA-901-appendix-america-index.md,282,content
mda\90-appendices-and-source-packets\MDA-902-appendix-trans-domain-analysis.html,The Moral Decline of America — A Trans-Domain Analysis,production-vault\ripped-md\mda\90-appendices-and-source-packets\MDA-902-appendix-trans-domain-analysis.md,3849,content
mda\90-appendices-and-source-packets\MDA-903-appendix-series-home.html,Is America in Moral Decline? The Physics of Cultural Decoherence,production-vault\ripped-md\mda\90-appendices-and-source-packets\MDA-903-appendix-series-home.md,715,content
mda\90-appendices-and-source-packets\MDA-904-appendix-sample.html,The Moral Decline of America (1958–2025) — Sample,production-vault\ripped-md\mda\90-appendices-and-source-packets\MDA-904-appendix-sample.md,207,content
mda\90-appendices-and-source-packets\MDA-905-appendix-timeline.html,Timeline of American Moral Decline — Historical Analysis (1900–Present),production-vault\ripped-md\mda\90-appendices-and-source-packets\MDA-905-appendix-timeline.md,2109,content
mda\components\mtl-reader-bar.html,mtl-reader-bar,production-vault\ripped-md\mda\components\mtl-reader-bar.md,13,component
mda\components\tp-pill-player-bar-snippet.html,tp-pill-player-bar-snippet,production-vault\ripped-md\mda\components\tp-pill-player-bar-snippet.md,26,component
mda\components\tp-pill-player-bar.html,tp-pill-player-bar,production-vault\ripped-md\mda\components\tp-pill-player-bar.md,26,component
mda\components\tp-pill-player.html,TP Pill-Strip Audio Player,production-vault\ripped-md\mda\components\tp-pill-player.md,37,component
mda\index.html,Is America in Moral Decline? The Physics of Cultural Decoherence,production-vault\ripped-md\mda\index.md,1838,content
mda\reading-order.html,MDA Reading Order — Walk-Through Index,production-vault\ripped-md\mda\reading-order.md,461,content
media\index-kimi.html,Media Gallery — Theophysics,production-vault\ripped-md\media\index-kimi.md,47,low_signal
media\index.html,"Theophysics Media — Images, Diagrams & Slide Decks",production-vault\ripped-md\media\index.md,351,content
moral-decline\00-entry-and-series-map\index.html,The Moral Decline of America,production-vault\ripped-md\moral-decline\00-entry-and-series-map\index.md,1936,content
moral-decline\00-entry-and-series-map\MDA-000-series-map.html,Series Map | Moral Decline of America,production-vault\ripped-md\moral-decline\00-entry-and-series-map\MDA-000-series-map.md,452,content
moral-decline\01-story-thread\index.html,The Lowe Family — Five Generations | Moral Decline of America,production-vault\ripped-md\moral-decline\01-story-thread\index.md,355,content
moral-decline\01-story-thread\MDA-001-story-introduction.html,An American Story | Moral Decline of America,production-vault\ripped-md\moral-decline\01-story-thread\MDA-001-story-introduction.md,1114,content
moral-decline\01-story-thread\MDA-002-samuel-1900.html,When Distance Still Had Moral Weight | Moral Decline of America,production-vault\ripped-md\moral-decline\01-story-thread\MDA-002-samuel-1900.md,410,content
moral-decline\01-story-thread\MDA-008-henry-1926.html,When Voices Entered the Home | Moral Decline of America,production-vault\ripped-md\moral-decline\01-story-thread\MDA-008-henry-1926.md,3799,content
moral-decline\01-story-thread\MDA-012-william-1950.html,When Comfort Replaced Necessity | Moral Decline of America,production-vault\ripped-md\moral-decline\01-story-thread\MDA-012-william-1950.md,3915,content
moral-decline\01-story-thread\MDA-016-thomas-1974.html,When Freedom Became Exit | Moral Decline of America,production-vault\ripped-md\moral-decline\01-story-thread\MDA-016-thomas-1974.md,3600,content
moral-decline\01-story-thread\MDA-031-jacob-1998.html,When Place Disappeared | Moral Decline of America,production-vault\ripped-md\moral-decline\01-story-thread\MDA-031-jacob-1998.md,3199,content
moral-decline\01-story-thread\MDA-050-jacob-2025.html,When Constraint Had to Be Chosen | Moral Decline of America,production-vault\ripped-md\moral-decline\01-story-thread\MDA-050-jacob-2025.md,4729,content
moral-decline\02-method-and-metrics\index.html,How to Measure a Moral System | Moral Decline of America,production-vault\ripped-md\moral-decline\02-method-and-metrics\index.md,282,content
moral-decline\02-method-and-metrics\MDA-003-measuring-moral-health.html,Can We Measure Moral Health? | Moral Decline of America,production-vault\ripped-md\moral-decline\02-method-and-metrics\MDA-003-measuring-moral-health.md,849,content
moral-decline\02-method-and-metrics\MDA-006-research-method.html,How We Measure Decline | Moral Decline of America,production-vault\ripped-md\moral-decline\02-method-and-metrics\MDA-006-research-method.md,1218,content
moral-decline\02-method-and-metrics\MDA-007-nine-domains.html,What America Is Made Of | Moral Decline of America,production-vault\ripped-md\moral-decline\02-method-and-metrics\MDA-007-nine-domains.md,2301,content
moral-decline\02-method-and-metrics\MDA-037-biaxiosum-audit.html,The Biaxiosum Audit | Moral Decline of America,production-vault\ripped-md\moral-decline\02-method-and-metrics\MDA-037-biaxiosum-audit.md,1327,content
moral-decline\02-method-and-metrics\MDA-039-physics-of-coherence.html,The Physics of Coherence | Moral Decline of America,production-vault\ripped-md\moral-decline\02-method-and-metrics\MDA-039-physics-of-coherence.md,403,content
moral-decline\02-method-and-metrics\MDA-040-statistical-synthesis.html,Moral Decline by the Numbers | Moral Decline of America,production-vault\ripped-md\moral-decline\02-method-and-metrics\MDA-040-statistical-synthesis.md,2721,content
moral-decline\02-method-and-metrics\MDA-041-statistical-spine.html,The Statistical Spine | Moral Decline of America,production-vault\ripped-md\moral-decline\02-method-and-metrics\MDA-041-statistical-spine.md,44,low_signal
moral-decline\03-evidence-chronology\index.html,"America, Decade by Decade | Moral Decline of America",production-vault\ripped-md\moral-decline\03-evidence-chronology\index.md,371,content
moral-decline\03-evidence-chronology\MDA-005-empirical-evidence.html,The Empirical Evidence | Moral Decline of America,production-vault\ripped-md\moral-decline\03-evidence-chronology\MDA-005-empirical-evidence.md,2214,content
moral-decline\03-evidence-chronology\MDA-009-the-1900-baseline.html,The 1900 Baseline | Moral Decline of America,production-vault\ripped-md\moral-decline\03-evidence-chronology\MDA-009-the-1900-baseline.md,1800,content
moral-decline\03-evidence-chronology\MDA-010-pre-modern-baseline.html,The Pre-Modern Baseline | Moral Decline of America,production-vault\ripped-md\moral-decline\03-evidence-chronology\MDA-010-pre-modern-baseline.md,4992,content
moral-decline\03-evidence-chronology\MDA-011-collective-security-1930.html,The Age of Collective Security | Moral Decline of America,production-vault\ripped-md\moral-decline\03-evidence-chronology\MDA-011-collective-security-1930.md,2868,content
moral-decline\03-evidence-chronology\MDA-013-peak-coherence-1940.html,The Crucible of Consensus | Moral Decline of America,production-vault\ripped-md\moral-decline\03-evidence-chronology\MDA-013-peak-coherence-1940.md,3544,content
moral-decline\03-evidence-chronology\MDA-014-fissure-1950.html,The Fissure in Conformity | Moral Decline of America,production-vault\ripped-md\moral-decline\03-evidence-chronology\MDA-014-fissure-1950.md,2727,content
moral-decline\03-evidence-chronology\MDA-015-long-decline.html,The Long Decline | Moral Decline of America,production-vault\ripped-md\moral-decline\03-evidence-chronology\MDA-015-long-decline.md,1552,content
moral-decline\03-evidence-chronology\MDA-017-unraveling-1960.html,The Unraveling Begins | Moral Decline of America,production-vault\ripped-md\moral-decline\03-evidence-chronology\MDA-017-unraveling-1960.md,3354,content
moral-decline\03-evidence-chronology\MDA-018-great-decoupling-1968.html,The Great Decoupling | Moral Decline of America,production-vault\ripped-md\moral-decline\03-evidence-chronology\MDA-018-great-decoupling-1968.md,3681,content
moral-decline\03-evidence-chronology\MDA-019-current-state-2024.html,Where Coherence Still Lives | Moral Decline of America,production-vault\ripped-md\moral-decline\03-evidence-chronology\MDA-019-current-state-2024.md,3101,content
moral-decline\04-collapse-mechanisms\index.html,How the Systems Failed | Moral Decline of America,production-vault\ripped-md\moral-decline\04-collapse-mechanisms\index.md,522,content
moral-decline\04-collapse-mechanisms\MDA-020-phase-transition.html,When Decline Becomes Collapse | Moral Decline of America,production-vault\ripped-md\moral-decline\04-collapse-mechanisms\MDA-020-phase-transition.md,1466,content
moral-decline\04-collapse-mechanisms\MDA-021-anatomy-of-phase-transition.html,Anatomy of a Phase Transition | Moral Decline of America,production-vault\ripped-md\moral-decline\04-collapse-mechanisms\MDA-021-anatomy-of-phase-transition.md,47,low_signal
moral-decline\04-collapse-mechanisms\MDA-022-cascade.html,The Cascade | Moral Decline of America,production-vault\ripped-md\moral-decline\04-collapse-mechanisms\MDA-022-cascade.md,1373,content
moral-decline\04-collapse-mechanisms\MDA-023-coherence-cascade.html,The Coherence Cascade | Moral Decline of America,production-vault\ripped-md\moral-decline\04-collapse-mechanisms\MDA-023-coherence-cascade.md,762,content
moral-decline\04-collapse-mechanisms\MDA-024-semantic-collapse.html,Semantic Collapse | Moral Decline of America,production-vault\ripped-md\moral-decline\04-collapse-mechanisms\MDA-024-semantic-collapse.md,402,content
moral-decline\04-collapse-mechanisms\MDA-025-cognitive-decline.html,Cognitive System Stress | Moral Decline of America,production-vault\ripped-md\moral-decline\04-collapse-mechanisms\MDA-025-cognitive-decline.md,457,content
moral-decline\04-collapse-mechanisms\MDA-026-spiritual-collapse.html,The Spiritual and Psychological Collapse | Moral Decline of America,production-vault\ripped-md\moral-decline\04-collapse-mechanisms\MDA-026-spiritual-collapse.md,606,content
moral-decline\04-collapse-mechanisms\MDA-027-signal-went-dark.html,The Signal Went Dark | Moral Decline of America,production-vault\ripped-md\moral-decline\04-collapse-mechanisms\MDA-027-signal-went-dark.md,904,content
moral-decline\04-collapse-mechanisms\MDA-028-phantom-money.html,"Phantom Money, Phantom Morals | Moral Decline of America",production-vault\ripped-md\moral-decline\04-collapse-mechanisms\MDA-028-phantom-money.md,1871,content
moral-decline\04-collapse-mechanisms\MDA-029-observer-collapsed.html,The Observer Collapsed | Moral Decline of America,production-vault\ripped-md\moral-decline\04-collapse-mechanisms\MDA-029-observer-collapsed.md,1105,content
moral-decline\04-collapse-mechanisms\MDA-030-trinity-mechanism.html,Trinity-Wave Collapse | Moral Decline of America,production-vault\ripped-md\moral-decline\04-collapse-mechanisms\MDA-030-trinity-mechanism.md,2155,content
moral-decline\04-collapse-mechanisms\MDA-032-why-bad-is-easier.html,Why the Bad Is Easier Than the Good | Moral Decline of America,production-vault\ripped-md\moral-decline\04-collapse-mechanisms\MDA-032-why-bad-is-easier.md,975,content
moral-decline\04-collapse-mechanisms\MDA-033-entropic-society.html,The Entropic Society | Moral Decline of America,production-vault\ripped-md\moral-decline\04-collapse-mechanisms\MDA-033-entropic-society.md,6014,content
moral-decline\04-collapse-mechanisms\MDA-034-technology-entropy.html,Technology and Entropy | Moral Decline of America,production-vault\ripped-md\moral-decline\04-collapse-mechanisms\MDA-034-technology-entropy.md,43,low_signal
moral-decline\04-collapse-mechanisms\MDA-035-great-reconfiguration.html,The Great Reconfiguration | Moral Decline of America,production-vault\ripped-md\moral-decline\04-collapse-mechanisms\MDA-035-great-reconfiguration.md,6427,content
moral-decline\04-collapse-mechanisms\MDA-036-regulatory-impulse-1900.html,The Regulatory Impulse | Moral Decline of America,production-vault\ripped-md\moral-decline\04-collapse-mechanisms\MDA-036-regulatory-impulse-1900.md,6753,content
moral-decline\05-amish-and-case-studies\index.html,The Control Group | Moral Decline of America,production-vault\ripped-md\moral-decline\05-amish-and-case-studies\index.md,331,content
moral-decline\05-amish-and-case-studies\MDA-042-amish-exception-THE-CLAIM.html,The Amish Exception | Moral Decline of America,production-vault\ripped-md\moral-decline\05-amish-and-case-studies\MDA-042-amish-exception-THE-CLAIM.md,1307,content
moral-decline\05-amish-and-case-studies\MDA-043-amish-proof-THE-PROOF.html,The Amish Control Case | Moral Decline of America,production-vault\ripped-md\moral-decline\05-amish-and-case-studies\MDA-043-amish-proof-THE-PROOF.md,1864,content
moral-decline\05-amish-and-case-studies\MDA-044-amish-control-study-THE-METHOD.html,Amish vs. America | Moral Decline of America,production-vault\ripped-md\moral-decline\05-amish-and-case-studies\MDA-044-amish-control-study-THE-METHOD.md,2436,content
moral-decline\05-amish-and-case-studies\MDA-045-amish-control-group-THE-DATA.html,The Amish Anomaly | Moral Decline of America,production-vault\ripped-md\moral-decline\05-amish-and-case-studies\MDA-045-amish-control-group-THE-DATA.md,4958,content
moral-decline\05-amish-and-case-studies\MDA-046-amish-demographics-THE-NUMBERS.html,Amish Demographics | Moral Decline of America,production-vault\ripped-md\moral-decline\05-amish-and-case-studies\MDA-046-amish-demographics-THE-NUMBERS.md,3316,content
moral-decline\05-amish-and-case-studies\MDA-047-amish-tech-filter-THE-FILTER.html,The Amish Tech Filter | Moral Decline of America,production-vault\ripped-md\moral-decline\05-amish-and-case-studies\MDA-047-amish-tech-filter-THE-FILTER.md,2527,content
moral-decline\05-amish-and-case-studies\MDA-048-ordnung-algorithm-THE-MECHANISM.html,The Ordnung Algorithm | Moral Decline of America,production-vault\ripped-md\moral-decline\05-amish-and-case-studies\MDA-048-ordnung-algorithm-THE-MECHANISM.md,4824,content
moral-decline\05-amish-and-case-studies\MDA-049-coherence-factory-THE-SYNTHESIS.html,The Coherence Factory | Moral Decline of America,production-vault\ripped-md\moral-decline\05-amish-and-case-studies\MDA-049-coherence-factory-THE-SYNTHESIS.md,1882,content
moral-decline\05-amish-and-case-studies\MDA-051-korea-experiment.html,The Korea Experiment | Moral Decline of America,production-vault\ripped-md\moral-decline\05-amish-and-case-studies\MDA-051-korea-experiment.md,1726,content
moral-decline\06-recovery-and-synthesis\index.html,Is There a Way Back? | Moral Decline of America,production-vault\ripped-md\moral-decline\06-recovery-and-synthesis\index.md,180,content
moral-decline\06-recovery-and-synthesis\MDA-052-individual-recovery.html,Individual Recovery | Moral Decline of America,production-vault\ripped-md\moral-decline\06-recovery-and-synthesis\MDA-052-individual-recovery.md,1338,content
moral-decline\06-recovery-and-synthesis\MDA-053-the-question.html,The Question | Moral Decline of America,production-vault\ripped-md\moral-decline\06-recovery-and-synthesis\MDA-053-the-question.md,1358,content
moral-decline\06-recovery-and-synthesis\MDA-054-way-back.html,The Way Back | Moral Decline of America,production-vault\ripped-md\moral-decline\06-recovery-and-synthesis\MDA-054-way-back.md,1105,content
moral-decline\90-appendices-and-source-packets\index.html,Appendices & Source Packets | Moral Decline of America,production-vault\ripped-md\moral-decline\90-appendices-and-source-packets\index.md,251,content
moral-decline\90-appendices-and-source-packets\MDA-900-appendix-original-introduction.html,Appendix: Original Introduction | Moral Decline of America,production-vault\ripped-md\moral-decline\90-appendices-and-source-packets\MDA-900-appendix-original-introduction.md,43,low_signal
moral-decline\90-appendices-and-source-packets\MDA-901-appendix-america-index.html,Appendix: America Index | Moral Decline of America,production-vault\ripped-md\moral-decline\90-appendices-and-source-packets\MDA-901-appendix-america-index.md,243,content
moral-decline\90-appendices-and-source-packets\MDA-902-appendix-trans-domain-analysis.html,Appendix: Trans-Domain Analysis | Moral Decline of America,production-vault\ripped-md\moral-decline\90-appendices-and-source-packets\MDA-902-appendix-trans-domain-analysis.md,54,low_signal
moral-decline\90-appendices-and-source-packets\MDA-903-appendix-series-home.html,Appendix: Series Home | Moral Decline of America,production-vault\ripped-md\moral-decline\90-appendices-and-source-packets\MDA-903-appendix-series-home.md,1049,content
moral-decline\90-appendices-and-source-packets\MDA-904-appendix-sample.html,Appendix: Sample | Moral Decline of America,production-vault\ripped-md\moral-decline\90-appendices-and-source-packets\MDA-904-appendix-sample.md,302,content
moral-decline\90-appendices-and-source-packets\MDA-905-appendix-timeline.html,Appendix: Timeline | Moral Decline of America,production-vault\ripped-md\moral-decline\90-appendices-and-source-packets\MDA-905-appendix-timeline.md,41,low_signal
moral-decline\90-appendices-and-source-packets\MDA-906-appendix-93-year-floor.html,Appendix: The 93-Year Floor | Moral Decline of America,production-vault\ripped-md\moral-decline\90-appendices-and-source-packets\MDA-906-appendix-93-year-floor.md,2973,content
moral-decline\index.html,Moral Decline of America — Faith thru Physics,production-vault\ripped-md\moral-decline\index.md,819,content
moral-decline\mda-01-introduction.html,Introduction & FACTS Framework — The Moral Decline of America,production-vault\ripped-md\moral-decline\mda-01-introduction.md,1214,content
moral-decline\mda-02-phase-transition.html,The Anatomy of a Phase Transition — The Moral Decline of America,production-vault\ripped-md\moral-decline\mda-02-phase-transition.md,1265,content
moral-decline\mda-03-semantic-collapse.html,The Semantic Precursor — How Language Fails First | Moral Decline of America (03/10),production-vault\ripped-md\moral-decline\mda-03-semantic-collapse.md,687,content
moral-decline\mda-04-cognitive-decline.html,The Cognitive Decline — The Great SAT Score Turnover | Moral Decline of America (04/10),production-vault\ripped-md\moral-decline\mda-04-cognitive-decline.md,638,content
moral-decline\mda-05-spiritual-collapse.html,The Spiritual & Psychological Collapse | Moral Decline of America (05/10),production-vault\ripped-md\moral-decline\mda-05-spiritual-collapse.md,651,content
moral-decline\mda-06-signal-went-dark.html,The Signal Went Dark — Institutional Truth Collapse | Moral Decline of America (06/10),production-vault\ripped-md\moral-decline\mda-06-signal-went-dark.md,1243,content
moral-decline\mda-07-phantom-money.html,"Phantom Money, Phantom Morals — Economic Collapse | Moral Decline of America",production-vault\ripped-md\moral-decline\mda-07-phantom-money.md,1338,content
moral-decline\mda-08-observer-collapsed.html,The Observer Collapsed — Individual Identity Dissolution | Moral Decline of America,production-vault\ripped-md\moral-decline\mda-08-observer-collapsed.md,1330,content
moral-decline\mda-09-amish-proof.html,The Amish Proof — A Control Group for Coherence | Moral Decline of America,production-vault\ripped-md\moral-decline\mda-09-amish-proof.md,2189,content
moral-decline\mda-10-way-back.html,The Way Back — Recovery Physics | Moral Decline of America,production-vault\ripped-md\moral-decline\mda-10-way-back.md,2712,content
moral-decline\mda-america.html,The Moral Decline of America — Series Index | Theophysics Institute,production-vault\ripped-md\moral-decline\mda-america.md,263,content
moral-decline\mda-facts-paper.html,The Coherence Decay of American Society — FACTS Paper,production-vault\ripped-md\moral-decline\mda-facts-paper.md,2374,content
moral-decline\mda-of-america.html,The Moral Decline of America — A Trans-Domain Analysis,production-vault\ripped-md\moral-decline\mda-of-america.md,3830,content
moral-decline\mda-research-method.html,Research Method — The Moral Decline of America,production-vault\ripped-md\moral-decline\mda-research-method.md,984,content
moral-decline\mda-SAMPLE.html,The Moral Decline of America (1958–2025) — Sample,production-vault\ripped-md\moral-decline\mda-SAMPLE.md,188,content
moral-decline\mda-technology-entropy-moral-decline.html,"The Entropic Society — Technology, Obsolescence, and Moral Decline",production-vault\ripped-md\moral-decline\mda-technology-entropy-moral-decline.md,2157,content
moral-decline\mda-the-biaxiosum-audit.html,The Biaxiosum Audit — The Moral Decline of America,production-vault\ripped-md\moral-decline\mda-the-biaxiosum-audit.md,1115,content
moral-decline\mda-the-coherence-metric.html,The Coherence Metric — A Physics-Based Framework for Measuring Structural Integrity,production-vault\ripped-md\moral-decline\mda-the-coherence-metric.md,1606,content
moral-decline\mda-the-empirical-evidence.html,The Empirical Evidence — The Moral Decline of America,production-vault\ripped-md\moral-decline\mda-the-empirical-evidence.md,1000,content
moral-decline\mda-the-entropic-society.html,"The Entropic Society — Technology, Obsolescence, and the Devaluation of American Moral Capital",production-vault\ripped-md\moral-decline\mda-the-entropic-society.md,4334,content
moral-decline\mda-the-great-reconfiguration.html,The Great Reconfiguration — A Century of Structural Change in American Christianity,production-vault\ripped-md\moral-decline\mda-the-great-reconfiguration.md,4012,content
moral-decline\mda-the-regulatory-impulse-1900.html,The Regulatory Impulse — Moral Foundation 1900–1910,production-vault\ripped-md\moral-decline\mda-the-regulatory-impulse-1900.md,4850,content
moral-decline\mda-the-trinity-mechanism.html,The Trinity-Wave Collapse Mechanism — Theophysics,production-vault\ripped-md\moral-decline\mda-the-trinity-mechanism.md,1450,content
moral-decline\mda-timeline-american-moral-decline.html,Timeline of American Moral Decline — Historical Analysis (1900–Present),production-vault\ripped-md\moral-decline\mda-timeline-american-moral-decline.md,2090,content
moral-decline\mda-why-the-bad-is-easier.html,Why the Bad Is Easier Than the Good — The Moral Decline of America,production-vault\ripped-md\moral-decline\mda-why-the-bad-is-easier.md,767,content
moral-decline\NEWindex.html,The Moral Decline of America — Series Index,production-vault\ripped-md\moral-decline\NEWindex.md,332,content
moral-decline\stories\index.html,The Lowe Family Stories — Five Generations of American Decline,production-vault\ripped-md\moral-decline\stories\index.md,253,content
moral-decline\stories\mda-COHERENCE_CASCADE.html,The Coherence Cascade: Words Fail First,production-vault\ripped-md\moral-decline\stories\mda-COHERENCE_CASCADE.md,255,content
moral-decline\stories\mda-STATISTICAL_SYNTHESIS.html,The Moral Decay of America: Statistical Synthesis,production-vault\ripped-md\moral-decline\stories\mda-STATISTICAL_SYNTHESIS.md,1911,content
moral-decline\stories\mda-story-00-introduction.html,Introduction () -- The Moral Decline of America,production-vault\ripped-md\moral-decline\stories\mda-story-00-introduction.md,747,content
moral-decline\stories\mda-story-01-samuel-1900.html,Story 01: Samuel (1900) — The Moral Decline of America,production-vault\ripped-md\moral-decline\stories\mda-story-01-samuel-1900.md,192,content
moral-decline\stories\mda-story-02-henry-1926.html,Part II: Henry (1926) -- The Moral Decline of America,production-vault\ripped-md\moral-decline\stories\mda-story-02-henry-1926.md,3599,content
moral-decline\stories\mda-story-03-william-1950.html,Part III: William (1950) -- The Moral Decline of America,production-vault\ripped-md\moral-decline\stories\mda-story-03-william-1950.md,3601,content
moral-decline\stories\mda-story-04-thomas-1974.html,Part IV: Thomas (1974) -- The Moral Decline of America,production-vault\ripped-md\moral-decline\stories\mda-story-04-thomas-1974.md,3318,content
moral-decline\stories\mda-story-05-jacob-1998.html,Part V: Jacob (1998) -- The Moral Decline of America,production-vault\ripped-md\moral-decline\stories\mda-story-05-jacob-1998.md,2763,content
moral-decline\stories\mda-story-06-jacob-2025.html,Part VI: Jacob (2025) -- The Moral Decline of America,production-vault\ripped-md\moral-decline\stories\mda-story-06-jacob-2025.md,4257,content
mtl-admin\standalone-mtl-template.html,Standalone Series Page with MTL Layers,production-vault\ripped-md\mtl-admin\standalone-mtl-template.md,66,low_signal
one-page-stories\7q_explained.html,The 7Q Framework — Explained Through Physics,production-vault\ripped-md\one-page-stories\7q_explained.md,2290,content
one-page-stories\7q_reverse.html,The Reverse Method — Prove by Destruction,production-vault\ripped-md\one-page-stories\7q_reverse.md,1355,content
one-page-stories\character-of-adversary-from-physics.html,The Character of the Adversary — Read from Physics,production-vault\ripped-md\one-page-stories\character-of-adversary-from-physics.md,2451,content
one-page-stories\character-of-god-from-physics.html,The Character of God — Read from Physics,production-vault\ripped-md\one-page-stories\character-of-god-from-physics.md,2562,content
one-page-stories\cover.html,Genesis to Quantum — Theophysics Research,production-vault\ripped-md\one-page-stories\cover.md,741,content
one-page-stories\everybodys-got-it-wrong.html,Everybody's Got It Wrong — Theophysics,production-vault\ripped-md\one-page-stories\everybodys-got-it-wrong.md,1218,content
one-page-stories\Formalism.html,The Master Equation — A Mathematical Theory of Everything | Theophysics Research,production-vault\ripped-md\one-page-stories\Formalism.md,2045,content
one-page-stories\genesis-quantum-event.html,Genesis as Quantum Event â The Measurement That Collapsed Reality,production-vault\ripped-md\one-page-stories\genesis-quantum-event.md,6477,content
one-page-stories\god-stories.html,Part XVI — The God Stories | Theophysics,production-vault\ripped-md\one-page-stories\god-stories.md,477,content
one-page-stories\heaven-hell-attractor-states.html,Heaven and Hell as Attractor States — Theophysics,production-vault\ripped-md\one-page-stories\heaven-hell-attractor-states.md,2043,content
one-page-stories\holding-god-accountable.html,Holding God Accountable — Theophysics Research Program,production-vault\ripped-md\one-page-stories\holding-god-accountable.md,3480,content
one-page-stories\index.html,Faith Through Physics,production-vault\ripped-md\one-page-stories\index.md,13,low_signal
one-page-stories\it-from-bit-from-logos.html,IT FROM BIT FROM LOGOS — Theophysics,production-vault\ripped-md\one-page-stories\it-from-bit-from-logos.md,1605,content
one-page-stories\no-drift-law-synthesis.html,No-Drift Law Synthesis — Theophysics Master Equation,production-vault\ripped-md\one-page-stories\no-drift-law-synthesis.md,2924,content
one-page-stories\salvation-algorithm.html,The Salvation Algorithm — A Six-Step Logical Chain,production-vault\ripped-md\one-page-stories\salvation-algorithm.md,1479,content
one-page-stories\salvation-narrative-10-laws.html,The Salvation Narrative as 10-Law Phase Transition Sequence — Theophysics,production-vault\ripped-md\one-page-stories\salvation-narrative-10-laws.md,1020,content
one-page-stories\salvation-phase-transition.html,Salvation Is a Phase Transition — Theophysics,production-vault\ripped-md\one-page-stories\salvation-phase-transition.md,1785,content
one-page-stories\Templeton\lean4-corpus.html,The Lean 4 Corpus — Theophysics Research Initiative,production-vault\ripped-md\one-page-stories\Templeton\lean4-corpus.md,7127,content
one-page-stories\Templeton\templeton_briefing.html,Coherence as Cosmic Intelligence | Templeton 2026,production-vault\ripped-md\one-page-stories\Templeton\templeton_briefing.md,1824,content
one-page-stories\Templeton\Test death 1.html,The Death Test — Logos Papers,production-vault\ripped-md\one-page-stories\Templeton\Test death 1.md,610,content
one-page-stories\Templeton\The Method and the Mystery.html,The Method and the Mystery — Theophysics Front Door,production-vault\ripped-md\one-page-stories\Templeton\The Method and the Mystery.md,4776,content
one-page-stories\Templeton\The Watcher.html,The Watcher Problem — Why Reality Needs Three,production-vault\ripped-md\one-page-stories\Templeton\The Watcher.md,2248,content
one-page-stories\Templeton\the-bilateral-audit-lean4.html,The Lean 4 Evidence Layer — Bilateral Audit Amendment,production-vault\ripped-md\one-page-stories\Templeton\the-bilateral-audit-lean4.md,1862,content
one-page-stories\Templeton\the-bilateral-audit.html,The Bilateral Audit — Theophysics Research Initiative,production-vault\ripped-md\one-page-stories\Templeton\the-bilateral-audit.md,1907,content
one-page-stories\ten-laws-full-treatment.html,The Ten Laws — Full Treatment | Theophysics,production-vault\ripped-md\one-page-stories\ten-laws-full-treatment.md,4873,content
one-page-stories\The Fracture Point.html,The Fracture Point: American Political Identity and the Shift from Policy to Tribal Alignment,production-vault\ripped-md\one-page-stories\The Fracture Point.md,2489,content
one-page-stories\the-24-anti-properties.html,The 24 Anti-Properties — What the Adversary Is Made Of,production-vault\ripped-md\one-page-stories\the-24-anti-properties.md,2938,content
one-page-stories\the-prism-paper.html,The Prism — Theophysics Research,production-vault\ripped-md\one-page-stories\the-prism-paper.md,5977,content
one-page-stories\the-same-equation.html,The Same Equation — Theophysics Visual Proof,production-vault\ripped-md\one-page-stories\the-same-equation.md,2982,content
one-page-stories\The_Logos_Thesis_v3.html,The Logos Thesis — Theophysics,production-vault\ripped-md\one-page-stories\The_Logos_Thesis_v3.md,4223,content
one-page-stories\theophysics-blackboard_1.html,Theophysics Blackboard — Visual Sketch Generator,production-vault\ripped-md\one-page-stories\theophysics-blackboard_1.md,45,low_signal
one-page-stories\theophysics-the-full-explanation.html,Theophysics: The Full Explanation,production-vault\ripped-md\one-page-stories\theophysics-the-full-explanation.md,3455,content
one-page-stories\trinity-grace.html,Trinity & Grace — Theophysics,production-vault\ripped-md\one-page-stories\trinity-grace.md,781,content
one-page-stories\we-ran-the-tests.html,We Ran the Tests — Theophysics,production-vault\ripped-md\one-page-stories\we-ran-the-tests.md,2143,content
one-page-stories\why-grace-from-outside.html,Why Grace Has to Come from Outside — Theophysics,production-vault\ripped-md\one-page-stories\why-grace-from-outside.md,2454,content
podcast\index.html,"The Theophysics Podcast — Physics, Theology & the Coherence Equation",production-vault\ripped-md\podcast\index.md,317,content
proof-architecture\index.html,The Proof Architecture — Series Index,production-vault\ripped-md\proof-architecture\index.md,95,low_signal
proof-architecture\pa-00-bundle-viewer.html,Theophysics Proof Bundle Viewer,production-vault\ripped-md\proof-architecture\pa-00-bundle-viewer.md,18,low_signal
proof-architecture\pa-01-unavoidable-conclusion.html,The Unavoidable Conclusion: A Proof of God from First Principles,production-vault\ripped-md\proof-architecture\pa-01-unavoidable-conclusion.md,3196,content
proof-architecture\pa-02-foundation.html,Foundation Spine,production-vault\ripped-md\proof-architecture\pa-02-foundation.md,280,content
proof-architecture\pa-03-ontological-tree.html,The Ontological Decision Tree,production-vault\ripped-md\proof-architecture\pa-03-ontological-tree.md,2484,content
proof-architecture\pa-04-bifurcation.html,Bifurcation Chamber,production-vault\ripped-md\proof-architecture\pa-04-bifurcation.md,213,content
proof-architecture\pa-05-structural-isomorphism.html,The Structural Isomorphism — Proof by Architecture,production-vault\ripped-md\proof-architecture\pa-05-structural-isomorphism.md,2407,content
proof-architecture\pa-06-subsystems.html,Five Paired Subsystems,production-vault\ripped-md\proof-architecture\pa-06-subsystems.md,262,content
proof-architecture\pa-07-closure.html,Closure Layer,production-vault\ripped-md\proof-architecture\pa-07-closure.md,145,content
proof-architecture\pa-08-falsification.html,Falsification Court,production-vault\ripped-md\proof-architecture\pa-08-falsification.md,160,content
proof-architecture\pa-09-propagation-map.html,Substrate Propagation Map — Every Q2 Choice Through the Full Tree,production-vault\ripped-md\proof-architecture\pa-09-propagation-map.md,1600,content
proof-architecture\pa-10-evidence.html,Convergence & Evidence,production-vault\ripped-md\proof-architecture\pa-10-evidence.md,158,content
proof-architecture\pa-11-testable-predictions.html,Testable Predictions | Logos Unified Field,production-vault\ripped-md\proof-architecture\pa-11-testable-predictions.md,1198,content
proof-architecture\pa-12-proof-explorer.html,Theophysics Proof Explorer — Canonical v2,production-vault\ripped-md\proof-architecture\pa-12-proof-explorer.md,476,content
proof-architecture\pa-13-logical-framework.html,Theophysics Logical Framework v1,production-vault\ripped-md\proof-architecture\pa-13-logical-framework.md,31,low_signal
proof-explorer\index.html,Proof Explorer — Theophysics,production-vault\ripped-md\proof-explorer\index.md,1004,content
proof-explorer\mda-grades.html,MDA Grade Registry — Proof Explorer,production-vault\ripped-md\proof-explorer\mda-grades.md,113,content
proof-explorer\mda-proof-packet.html,Moral Decline of America — Series Proof Packet,production-vault\ripped-md\proof-explorer\mda-proof-packet.md,4077,content
proof-explorer\mda-scorecards\PI_MDA-001-story-introduction.html,Paper Intelligence: MDA-001-story-introduction,production-vault\ripped-md\proof-explorer\mda-scorecards\PI_MDA-001-story-introduction.md,278,content
proof-explorer\mda-scorecards\PI_MDA-002-samuel-1900.html,Paper Intelligence: MDA-002-samuel-1900,production-vault\ripped-md\proof-explorer\mda-scorecards\PI_MDA-002-samuel-1900.md,259,content
proof-explorer\mda-scorecards\PI_MDA-003-measuring-moral-health.html,Paper Intelligence: MDA-003-measuring-moral-health,production-vault\ripped-md\proof-explorer\mda-scorecards\PI_MDA-003-measuring-moral-health.md,266,content
proof-explorer\mda-scorecards\PI_MDA-004-facts-framework.html,Paper Intelligence: MDA-004-facts-framework,production-vault\ripped-md\proof-explorer\mda-scorecards\PI_MDA-004-facts-framework.md,266,content
proof-explorer\mda-scorecards\PI_MDA-005-empirical-evidence.html,Paper Intelligence: MDA-005-empirical-evidence,production-vault\ripped-md\proof-explorer\mda-scorecards\PI_MDA-005-empirical-evidence.md,260,content
proof-explorer\mda-scorecards\PI_MDA-006-research-method.html,Paper Intelligence: MDA-006-research-method,production-vault\ripped-md\proof-explorer\mda-scorecards\PI_MDA-006-research-method.md,269,content
proof-explorer\mda-scorecards\PI_MDA-007-nine-domains.html,Paper Intelligence: MDA-007-nine-domains,production-vault\ripped-md\proof-explorer\mda-scorecards\PI_MDA-007-nine-domains.md,273,content
proof-explorer\mda-scorecards\PI_MDA-008-henry-1926.html,Paper Intelligence: MDA-008-henry-1926,production-vault\ripped-md\proof-explorer\mda-scorecards\PI_MDA-008-henry-1926.md,258,content
proof-explorer\mda-scorecards\PI_MDA-009-the-1900-baseline.html,Paper Intelligence: MDA-009-the-1900-baseline,production-vault\ripped-md\proof-explorer\mda-scorecards\PI_MDA-009-the-1900-baseline.md,258,content
proof-explorer\mda-scorecards\PI_MDA-010-pre-modern-baseline.html,Paper Intelligence: MDA-010-pre-modern-baseline,production-vault\ripped-md\proof-explorer\mda-scorecards\PI_MDA-010-pre-modern-baseline.md,271,content
proof-explorer\mda-scorecards\PI_MDA-011-collective-security-1930.html,Paper Intelligence: MDA-011-collective-security-1930,production-vault\ripped-md\proof-explorer\mda-scorecards\PI_MDA-011-collective-security-1930.md,253,content
proof-explorer\mda-scorecards\PI_MDA-012-william-1950.html,Paper Intelligence: MDA-012-william-1950,production-vault\ripped-md\proof-explorer\mda-scorecards\PI_MDA-012-william-1950.md,266,content
proof-explorer\mda-scorecards\PI_MDA-013-peak-coherence-1940.html,Paper Intelligence: MDA-013-peak-coherence-1940,production-vault\ripped-md\proof-explorer\mda-scorecards\PI_MDA-013-peak-coherence-1940.md,265,content
proof-explorer\mda-scorecards\PI_MDA-014-fissure-1950.html,Paper Intelligence: MDA-014-fissure-1950,production-vault\ripped-md\proof-explorer\mda-scorecards\PI_MDA-014-fissure-1950.md,266,content
proof-explorer\mda-scorecards\PI_MDA-015-long-decline.html,Paper Intelligence: MDA-015-long-decline,production-vault\ripped-md\proof-explorer\mda-scorecards\PI_MDA-015-long-decline.md,258,content
proof-explorer\mda-scorecards\PI_MDA-016-thomas-1974.html,Paper Intelligence: MDA-016-thomas-1974,production-vault\ripped-md\proof-explorer\mda-scorecards\PI_MDA-016-thomas-1974.md,258,content
proof-explorer\mda-scorecards\PI_MDA-017-unraveling-1960.html,Paper Intelligence: MDA-017-unraveling-1960,production-vault\ripped-md\proof-explorer\mda-scorecards\PI_MDA-017-unraveling-1960.md,249,content
proof-explorer\mda-scorecards\PI_MDA-018-great-decoupling-1968.html,Paper Intelligence: MDA-018-great-decoupling-1968,production-vault\ripped-md\proof-explorer\mda-scorecards\PI_MDA-018-great-decoupling-1968.md,270,content
proof-explorer\mda-scorecards\PI_MDA-019-current-state-2024.html,Paper Intelligence: MDA-019-current-state-2024,production-vault\ripped-md\proof-explorer\mda-scorecards\PI_MDA-019-current-state-2024.md,271,content
proof-explorer\mda-scorecards\PI_MDA-020-phase-transition.html,Paper Intelligence: MDA-020-phase-transition,production-vault\ripped-md\proof-explorer\mda-scorecards\PI_MDA-020-phase-transition.md,265,content
proof-explorer\mda-scorecards\PI_MDA-021-anatomy-of-phase-transition.html,Paper Intelligence: MDA-021-anatomy-of-phase-transition,production-vault\ripped-md\proof-explorer\mda-scorecards\PI_MDA-021-anatomy-of-phase-transition.md,268,content
proof-explorer\mda-scorecards\PI_MDA-022-cascade.html,Paper Intelligence: MDA-022-cascade,production-vault\ripped-md\proof-explorer\mda-scorecards\PI_MDA-022-cascade.md,264,content
proof-explorer\mda-scorecards\PI_MDA-023-coherence-cascade.html,Paper Intelligence: MDA-023-coherence-cascade,production-vault\ripped-md\proof-explorer\mda-scorecards\PI_MDA-023-coherence-cascade.md,263,content
proof-explorer\mda-scorecards\PI_MDA-024-semantic-collapse.html,Paper Intelligence: MDA-024-semantic-collapse,production-vault\ripped-md\proof-explorer\mda-scorecards\PI_MDA-024-semantic-collapse.md,264,content
proof-explorer\mda-scorecards\PI_MDA-025-cognitive-decline.html,Paper Intelligence: MDA-025-cognitive-decline,production-vault\ripped-md\proof-explorer\mda-scorecards\PI_MDA-025-cognitive-decline.md,263,content
proof-explorer\mda-scorecards\PI_MDA-026-spiritual-collapse.html,Paper Intelligence: MDA-026-spiritual-collapse,production-vault\ripped-md\proof-explorer\mda-scorecards\PI_MDA-026-spiritual-collapse.md,259,content
proof-explorer\mda-scorecards\PI_MDA-027-signal-went-dark.html,Paper Intelligence: MDA-027-signal-went-dark,production-vault\ripped-md\proof-explorer\mda-scorecards\PI_MDA-027-signal-went-dark.md,267,content
proof-explorer\mda-scorecards\PI_MDA-028-phantom-money.html,Paper Intelligence: MDA-028-phantom-money,production-vault\ripped-md\proof-explorer\mda-scorecards\PI_MDA-028-phantom-money.md,270,content
proof-explorer\mda-scorecards\PI_MDA-029-observer-collapsed.html,Paper Intelligence: MDA-029-observer-collapsed,production-vault\ripped-md\proof-explorer\mda-scorecards\PI_MDA-029-observer-collapsed.md,271,content
proof-explorer\mda-scorecards\PI_MDA-030-trinity-mechanism.html,Paper Intelligence: MDA-030-trinity-mechanism,production-vault\ripped-md\proof-explorer\mda-scorecards\PI_MDA-030-trinity-mechanism.md,266,content
proof-explorer\mda-scorecards\PI_MDA-031-jacob-1998.html,Paper Intelligence: MDA-031-jacob-1998,production-vault\ripped-md\proof-explorer\mda-scorecards\PI_MDA-031-jacob-1998.md,257,content
proof-explorer\mda-scorecards\PI_MDA-032-why-bad-is-easier.html,Paper Intelligence: MDA-032-why-bad-is-easier,production-vault\ripped-md\proof-explorer\mda-scorecards\PI_MDA-032-why-bad-is-easier.md,273,content
proof-explorer\mda-scorecards\PI_MDA-033-entropic-society.html,Paper Intelligence: MDA-033-entropic-society,production-vault\ripped-md\proof-explorer\mda-scorecards\PI_MDA-033-entropic-society.md,269,content
proof-explorer\mda-scorecards\PI_MDA-034-technology-entropy.html,Paper Intelligence: MDA-034-technology-entropy,production-vault\ripped-md\proof-explorer\mda-scorecards\PI_MDA-034-technology-entropy.md,256,content
proof-explorer\mda-scorecards\PI_MDA-035-great-reconfiguration.html,Paper Intelligence: MDA-035-great-reconfiguration,production-vault\ripped-md\proof-explorer\mda-scorecards\PI_MDA-035-great-reconfiguration.md,271,content
proof-explorer\mda-scorecards\PI_MDA-036-regulatory-impulse-1900.html,Paper Intelligence: MDA-036-regulatory-impulse-1900,production-vault\ripped-md\proof-explorer\mda-scorecards\PI_MDA-036-regulatory-impulse-1900.md,266,content
proof-explorer\mda-scorecards\PI_MDA-037-biaxiosum-audit.html,Paper Intelligence: MDA-037-biaxiosum-audit,production-vault\ripped-md\proof-explorer\mda-scorecards\PI_MDA-037-biaxiosum-audit.md,269,content
proof-explorer\mda-scorecards\PI_MDA-038-coherence-metric.html,Paper Intelligence: MDA-038-coherence-metric,production-vault\ripped-md\proof-explorer\mda-scorecards\PI_MDA-038-coherence-metric.md,268,content
proof-explorer\mda-scorecards\PI_MDA-039-physics-of-coherence.html,Paper Intelligence: MDA-039-physics-of-coherence,production-vault\ripped-md\proof-explorer\mda-scorecards\PI_MDA-039-physics-of-coherence.md,266,content
proof-explorer\mda-scorecards\PI_MDA-040-statistical-synthesis.html,Paper Intelligence: MDA-040-statistical-synthesis,production-vault\ripped-md\proof-explorer\mda-scorecards\PI_MDA-040-statistical-synthesis.md,258,content
proof-explorer\mda-scorecards\PI_MDA-041-statistical-spine.html,Paper Intelligence: MDA-041-statistical-spine,production-vault\ripped-md\proof-explorer\mda-scorecards\PI_MDA-041-statistical-spine.md,261,content
proof-explorer\mda-scorecards\PI_MDA-042-amish-exception-THE-CLAIM.html,Paper Intelligence: MDA-042-amish-exception-THE-CLAIM,production-vault\ripped-md\proof-explorer\mda-scorecards\PI_MDA-042-amish-exception-THE-CLAIM.md,258,content
proof-explorer\mda-scorecards\PI_MDA-043-amish-proof-THE-PROOF.html,Paper Intelligence: MDA-043-amish-proof-THE-PROOF,production-vault\ripped-md\proof-explorer\mda-scorecards\PI_MDA-043-amish-proof-THE-PROOF.md,259,content
proof-explorer\mda-scorecards\PI_MDA-044-amish-control-study-THE-METHOD.html,Paper Intelligence: MDA-044-amish-control-study-THE-METHOD,production-vault\ripped-md\proof-explorer\mda-scorecards\PI_MDA-044-amish-control-study-THE-METHOD.md,271,content
proof-explorer\mda-scorecards\PI_MDA-045-amish-control-group-THE-DATA.html,Paper Intelligence: MDA-045-amish-control-group-THE-DATA,production-vault\ripped-md\proof-explorer\mda-scorecards\PI_MDA-045-amish-control-group-THE-DATA.md,267,content
proof-explorer\mda-scorecards\PI_MDA-046-amish-demographics-THE-NUMBERS.html,Paper Intelligence: MDA-046-amish-demographics-THE-NUMBERS,production-vault\ripped-md\proof-explorer\mda-scorecards\PI_MDA-046-amish-demographics-THE-NUMBERS.md,270,content
proof-explorer\mda-scorecards\PI_MDA-047-amish-tech-filter-THE-FILTER.html,Paper Intelligence: MDA-047-amish-tech-filter-THE-FILTER,production-vault\ripped-md\proof-explorer\mda-scorecards\PI_MDA-047-amish-tech-filter-THE-FILTER.md,270,content
proof-explorer\mda-scorecards\PI_MDA-048-ordnung-algorithm-THE-MECHANISM.html,Paper Intelligence: MDA-048-ordnung-algorithm-THE-MECHANISM,production-vault\ripped-md\proof-explorer\mda-scorecards\PI_MDA-048-ordnung-algorithm-THE-MECHANISM.md,255,content
proof-explorer\mda-scorecards\PI_MDA-049-coherence-factory-THE-SYNTHESIS.html,Paper Intelligence: MDA-049-coherence-factory-THE-SYNTHESIS,production-vault\ripped-md\proof-explorer\mda-scorecards\PI_MDA-049-coherence-factory-THE-SYNTHESIS.md,270,content
proof-explorer\mda-scorecards\PI_MDA-050-jacob-2025.html,Paper Intelligence: MDA-050-jacob-2025,production-vault\ripped-md\proof-explorer\mda-scorecards\PI_MDA-050-jacob-2025.md,258,content
proof-explorer\mda-scorecards\PI_MDA-051-korea-experiment.html,Paper Intelligence: MDA-051-korea-experiment,production-vault\ripped-md\proof-explorer\mda-scorecards\PI_MDA-051-korea-experiment.md,272,content
proof-explorer\mda-scorecards\PI_MDA-052-individual-recovery.html,Paper Intelligence: MDA-052-individual-recovery,production-vault\ripped-md\proof-explorer\mda-scorecards\PI_MDA-052-individual-recovery.md,258,content
proof-explorer\mda-scorecards\PI_MDA-053-the-question.html,Paper Intelligence: MDA-053-the-question,production-vault\ripped-md\proof-explorer\mda-scorecards\PI_MDA-053-the-question.md,263,content
proof-explorer\mda-scorecards\PI_MDA-054-way-back.html,Paper Intelligence: MDA-054-way-back,production-vault\ripped-md\proof-explorer\mda-scorecards\PI_MDA-054-way-back.md,262,content
proof-explorer\mda-scorecards\PI_MDA-900-appendix-original-introduction.html,Paper Intelligence: MDA-900-appendix-original-introduction,production-vault\ripped-md\proof-explorer\mda-scorecards\PI_MDA-900-appendix-original-introduction.md,262,content
proof-explorer\mda-scorecards\PI_MDA-901-appendix-america-index.html,Paper Intelligence: MDA-901-appendix-america-index,production-vault\ripped-md\proof-explorer\mda-scorecards\PI_MDA-901-appendix-america-index.md,267,content
proof-explorer\mda-scorecards\PI_MDA-902-appendix-trans-domain-analysis.html,Paper Intelligence: MDA-902-appendix-trans-domain-analysis,production-vault\ripped-md\proof-explorer\mda-scorecards\PI_MDA-902-appendix-trans-domain-analysis.md,259,content
proof-explorer\mda-scorecards\PI_MDA-903-appendix-series-home.html,Paper Intelligence: MDA-903-appendix-series-home,production-vault\ripped-md\proof-explorer\mda-scorecards\PI_MDA-903-appendix-series-home.md,267,content
proof-explorer\mda-scorecards\PI_MDA-904-appendix-sample.html,Paper Intelligence: MDA-904-appendix-sample,production-vault\ripped-md\proof-explorer\mda-scorecards\PI_MDA-904-appendix-sample.md,258,content
proof-explorer\mda-scorecards\PI_MDA-905-appendix-timeline.html,Paper Intelligence: MDA-905-appendix-timeline,production-vault\ripped-md\proof-explorer\mda-scorecards\PI_MDA-905-appendix-timeline.md,251,content
proof-explorer\mda-scorecards\PI_MDA-906-appendix-93-year-floor.html,Paper Intelligence: MDA-906-appendix-93-year-floor,production-vault\ripped-md\proof-explorer\mda-scorecards\PI_MDA-906-appendix-93-year-floor.md,271,content
redirects\image-registry.html,Redirecting to Media Library…,production-vault\ripped-md\redirects\image-registry.md,32,redirect
redirects\master-equation-explorer.html,Redirecting to Equation Explorer…,production-vault\ripped-md\redirects\master-equation-explorer.md,32,redirect
redirects\theophysics-glossary.html,Redirecting to Glossary…,production-vault\ripped-md\redirects\theophysics-glossary.md,31,redirect
revolution-of-truth\drv-00-the-argument.html,De Revolutionibus Veritatis | The Argument in One Page,production-vault\ripped-md\revolution-of-truth\drv-00-the-argument.md,4493,content
revolution-of-truth\drv-01-the-architecture.html,De Revolutionibus Veritatis | Book I: The Architecture,production-vault\ripped-md\revolution-of-truth\drv-01-the-architecture.md,5816,content
revolution-of-truth\drv-02-the-lock.html,De Revolutionibus Veritatis | Book II: The Lock,production-vault\ripped-md\revolution-of-truth\drv-02-the-lock.md,3179,content
revolution-of-truth\drv-03-the-cost-of-denial.html,De Revolutionibus Veritatis | Book III: The Cost of Denial,production-vault\ripped-md\revolution-of-truth\drv-03-the-cost-of-denial.md,2695,content
revolution-of-truth\drv-04-the-key.html,De Revolutionibus Veritatis | Book IV: The Key,production-vault\ripped-md\revolution-of-truth\drv-04-the-key.md,4563,content
revolution-of-truth\drv-06-the-cycle.html,De Revolutionibus Veritatis | Book VI: The Cycle,production-vault\ripped-md\revolution-of-truth\drv-06-the-cycle.md,4481,content
revolution-of-truth\index.html,De Revolutionibus Veritatis | On the Revolutions of Truth,production-vault\ripped-md\revolution-of-truth\index.md,546,content
rigor\index.html,Rigor — Theophysics Measurement Framework,production-vault\ripped-md\rigor\index.md,412,content
the-bidirectional-audit\index.html,The Bidirectional — Theophysics,production-vault\ripped-md\the-bidirectional-audit\index.md,149,content
the-bidirectional-audit\tba-01-the-bidirectional.html,The Bidirectional — TBA-01 — Theophysics,production-vault\ripped-md\the-bidirectional-audit\tba-01-the-bidirectional.md,2264,content
the-bilateral-audit-lean4.html,The Lean 4 Evidence Layer — Bilateral Audit Amendment,production-vault\ripped-md\the-bilateral-audit-lean4.md,1860,content
the-bilateral-audit.html,The Bilateral Audit — Theophysics Research Initiative,production-vault\ripped-md\the-bilateral-audit.md,1905,content
theophysics-glossary.html,Redirecting to Glossary…,production-vault\ripped-md\theophysics-glossary.md,30,redirect
three-gates\the-three-gates.html,The Three Gates — Prerequisite Framework for TikTok Apologetics,production-vault\ripped-md\three-gates\the-three-gates.md,2796,content
three-truths\biology.html,Your Body Already Knows — Coherence in Biology,production-vault\ripped-md\three-truths\biology.md,759,content
three-truths\entropy.html,The Second Law — Everything Dies (Unless...),production-vault\ripped-md\three-truths\entropy.md,794,content
three-truths\finetuning.html,The Fine-Tuning Numbers — You Can't Get Lucky 10¹⁰¹²³ Times,production-vault\ripped-md\three-truths\finetuning.md,896,content
three-truths\godel.html,Gödel's Incompleteness — In Plain Language,production-vault\ripped-md\three-truths\godel.md,1013,content
three-truths\hubble.html,The Hubble Tension — The 5σ Crack in the Foundation,production-vault\ripped-md\three-truths\hubble.md,727,content
three-truths\index.html,The Unavoidable Conclusion,production-vault\ripped-md\three-truths\index.md,1135,content
three-truths\inversion.html,The Great Inversion — How Right and Wrong Got Switched,production-vault\ripped-md\three-truths\inversion.md,966,content
three-truths\irony.html,The Divine Irony — Gödel's Gift,production-vault\ripped-md\three-truths\irony.md,975,content
three-truths\landauer.html,Landauer's Principle — Thought Costs Energy,production-vault\ripped-md\three-truths\landauer.md,560,content
three-truths\prayer.html,When the System Asks Its Ground — The Physics of Prayer,production-vault\ripped-md\three-truths\prayer.md,872,content
three-truths\propcosmos.html,PROP-COSMOS — 11 for 11 at 5.7σ,production-vault\ripped-md\three-truths\propcosmos.md,719,content
three-truths\terminus.html,Terminus Sui — The Five Proofs of Incompleteness,production-vault\ripped-md\three-truths\terminus.md,316,content
three-truths\triad.html,The Triad — Three Lines. No Escape.,production-vault\ripped-md\three-truths\triad.md,1298,content
