file,replacements
audio\index.html,6
Axiom Layer\7Q Axioms.html,1
Axiom Layer\axioms-closure.html,8
Axiom Layer\axioms-layer-0-core.html,1
Axiom Layer\axioms.html,2
Axiom Layer\definitions.html,2
Axiom Layer\index.html,1
Axiom Layer\lemmas.html,2
Axiom Layer\theophysics_proof_explorer_v2.html,2
Axiom Layer\theophysics_proof_explorer_v2_1.html,2
Axiom Layer\theorems.html,2
blue\derivatives.html,2
blue\evolution-probe.html,2
blue\god-in-the-equations.html,2
blue\gold-standard-test-battery.html,3
blue\i-didnt-write-the-math.html,1
blue\index.html,2
blue\lowe-coherence-lagrangian.html,1
blue\math-is-moral.html,2
blue\maxwell-truth-isomorphism.html,4
blue\six_proofs.html,1
blue\the-same-equation.html,2
components\universal-shell-v5.html,1
components\verification-bar.html,1
consciousness\consciousness-chi-field-action-wrapped.html,4
consciousness\consciousness-chi-field-action.html,8
consciousness\consciousness-coherence-bridge-wrapped.html,3
consciousness\consciousness-coherence-bridge.html,1
consciousness\consciousness-constraint-argument-wrapped.html,4
consciousness\consciousness-constraint-argument.html,3
consciousness\consciousness-evidence-predictions-wrapped.html,3
consciousness\consciousness-evidence-predictions.html,2
consciousness\consciousness-free-will-evil-wrapped.html,2
consciousness\consciousness-free-will-evil.html,8
consciousness\consciousness-grace-source-term-wrapped.html,3
consciousness\consciousness-grace-source-term.html,10
consciousness\consciousness-ontological-taxonomy-wrapped.html,3
consciousness\consciousness-ontological-taxonomy.html,2
consciousness\consciousness-parallel-laws-wrapped.html,3
consciousness\consciousness-parallel-laws.html,1
consciousness\consciousness-reality-assessment-wrapped.html,3
consciousness\consciousness-reality-assessment.html,9
consciousness\consciousness-scientific-convergence-wrapped.html,2
consciousness\consciousness-scientific-convergence.html,2
consciousness\index.html,4
Constitutional audit\FP-014_CONSTITUTIONAL_AUDIT.html,1
Constitutional audit\FP-015_COHERENCE_RECOVERY_VALIDATION.html,1
Constitutional audit\index.html,2
convergence-deep\cdt-01-math-is-moral.html,4
convergence-deep\cdt-02-the-maxwell-moment.html,2
convergence-deep\cdt-03-the-energy-that-doesnt-run-out.html,4
convergence-deep\cdt-04-the-map-that-drew-itself.html,4
convergence-deep\cdt-05-the-24-anti-properties.html,4
convergence-deep\cdt-06-it-from-bit-from-logos.html,4
convergence-deep\index.html,5
convergence-series\cns-01-the-playing-field.html,1
convergence-series\cns-02-the-evidence.html,1
convergence-series\cns-03-why-math-works.html,1
convergence-series\cns-04-the-paradigm-graveyard.html,1
convergence-series\cns-05-the-judgment-layer.html,1
convergence-series\cns-06-the-priority-of-goodness.html,1
convergence-series\cns-07-the-verdict.html,1
convergence-series\index.html,2
cross-domain\01-an-introduction-to-theophysics.html,4
cross-domain\02-the-coherence-metric.html,1
cross-domain\03-the-only-top-down-framework.html,8
cross-domain\04-the-american-coherence-collapse.html,1
cross-domain\05-fruits-of-the-spirit.html,1
cross-domain\06-the-scientific-method-redux.html,4
cross-domain\07-master-coherence-analysis.html,4
cross-domain\08-the-thermodynamics-of-grace.html,2
cross-domain\09-church-debris-audit.html,1
cross-domain\10-cliodynamic-analysis-great-demoralization.html,1
cross-domain\11-constitutional-overlay-analysis.html,1
cross-domain\12-reverse-sequence-hypothesis.html,1
cross-domain\index.html,3
data-viz\fruit_vector_map\graph.html,2
data-viz\knowledge-graphs.html,2
data-viz\law_isomorphism_map\graph.html,2
data-viz\master_equation_map\graph.html,2
data-viz\tag_graph\graph.html,39
duality-project\alpha-prime-canonical.html,3
duality-project\dp-00-the-null-hypothesis.html,2
duality-project\dp-000-the-assignment.html,5
duality-project\dp-01-candle-in-the-void.html,5
duality-project\dp-02-the-blinding-mirror.html,4
duality-project\dp-03-the-gray-stagnation.html,4
duality-project\dp-04-the-birth-of-a-devil.html,3
duality-project\dp-05-the-generational-rust.html,4
duality-project\dp-06-the-chorus-appears.html,4
duality-project\dp-07-the-incarnation-protocol.html,5
duality-project\dp-08-the-atonement-paradox.html,3
duality-project\dp-09-the-prototype-resurrection.html,3
duality-project\dp-10-the-ascension-update.html,4
duality-project\dp-11-the-internal-info-war.html,4
duality-project\dp-12-collective-negentropy.html,3
duality-project\dp-13-specialized-subroutines.html,3
duality-project\dp-14-evangelism-wave.html,3
duality-project\dp-15-persecution-feedback-loop.html,3
duality-project\dp-16-apostasy-bug.html,4
duality-project\dp-17-angelic-backstory.html,3
duality-project\dp-18-prayer-quantum-chat.html,4
duality-project\dp-19-entropys-last-stand.html,4
duality-project\dp-20-resonant-reboot.html,3
duality-project\dp-21-second-death-audit.html,3
duality-project\dp-22-grade-day.html,4
duality-project\duality-project.html,1
duality-project\euthyphro-dilemma.html,4
duality-project\index.html,2
duality-project\omega-null-canonical.html,3
equation\index-kimi.html,3
equation\index.html,3
equation\Master EQ vs1.html,3
equation-presentation-templates.html,2
forge-proofs\01 unavoidable-conclusion-complete.html,3
forge-proofs\01 unavoidable_conclusion_doc.html,2
forge-proofs\01unavoidable-conclusion-complete.html,2
forge-proofs\bifurcation.html,1
forge-proofs\closure.html,1
forge-proofs\evidence.html,1
forge-proofs\falsification.html,1
forge-proofs\foundation.html,1
forge-proofs\index.html,3
forge-proofs\ontological_tree.html,12
forge-proofs\structural-isomorphism.html,2
forge-proofs\subsystems.html,1
forge-proofs\theophysics_proof_explorer_v2.html,2
forge-proofs\theophysics_proof_explorer_v2_1.html,2
formal-papers\01_foundations\index.html,3
formal-papers\01_foundations\paper_01.html,6
formal-papers\01_foundations\paper_02.html,5
formal-papers\02_truth_and_force\index.html,3
formal-papers\02_truth_and_force\paper_03.html,5
formal-papers\02_truth_and_force\paper_04.html,5
formal-papers\03_measurement_and_judgment\index.html,3
formal-papers\03_measurement_and_judgment\paper_05.html,5
formal-papers\03_measurement_and_judgment\paper_06.html,5
formal-papers\04_redemption_and_order\index.html,3
formal-papers\04_redemption_and_order\paper_07.html,5
formal-papers\04_redemption_and_order\paper_08.html,5
formal-papers\05_entropy_and_coherence\index.html,3
formal-papers\05_entropy_and_coherence\paper_09.html,5
formal-papers\05_entropy_and_coherence\paper_10.html,5
formal-papers\index.html,4
genesis-to-quantum\Archive\gtq-02-the-first-quantum-state.html,6
genesis-to-quantum\bridges.html,1
genesis-to-quantum\CODEX_BUILD\examples\gtq-01-finished.html,7
genesis-to-quantum\CODEX_BUILD\examples\gtq-02-finished.html,5
genesis-to-quantum\CODEX_BUILD\template-main.html,1
genesis-to-quantum\gtq-01-measurement-collapsed-reality-N.html,4
genesis-to-quantum\gtq-01-measurement-collapsed-reality.html,4
genesis-to-quantum\gtq-01-OPTION-A-bg-hero.html,4
genesis-to-quantum\gtq-01-OPTION-B-img-hero.html,4
genesis-to-quantum\gtq-01a-collapse-threshold.html,1
genesis-to-quantum\gtq-02-collapse-threshold.html,1
genesis-to-quantum\gtq-02-the-first-quantum-state.html,1
genesis-to-quantum\gtq-03-first-quantum-state.html,1
genesis-to-quantum\gtq-03-free-will-two-frames.html,3
genesis-to-quantum\gtq-03a-macarthur-and-the-equation.html,1
genesis-to-quantum\gtq-03b-the-three-pathways.html,1
genesis-to-quantum\gtq-03c-why-god-drowned-everybody.html,1
genesis-to-quantum\gtq-04-free-will-two-frames.html,1
genesis-to-quantum\gtq-04-the-day-time-began.html,2
genesis-to-quantum\gtq-04a-the-decoherence-curve.html,1
genesis-to-quantum\gtq-04b-how-lies-kill.html,2
genesis-to-quantum\gtq-05-macarthur-and-the-equation.html,1
genesis-to-quantum\gtq-05-macarthur-equation.html,1
genesis-to-quantum\gtq-05-the-substrate-fractured.html,4
genesis-to-quantum\gtq-05a-trinity-mechanism.html,2
genesis-to-quantum\gtq-05b-trinity-timeline.html,2
genesis-to-quantum\gtq-05c-why-physics-is-broken-in-two.html,2
genesis-to-quantum\gtq-06-three-pathways.html,1
genesis-to-quantum\gtq-06-why-reality-needs-three.html,2
genesis-to-quantum\gtq-07-the-photon-isnt-watching.html,1
genesis-to-quantum\gtq-07-why-god-drowned-everybody.html,1
genesis-to-quantum\gtq-07a-empirical-testing.html,5
genesis-to-quantum\gtq-08-day-time-began.html,1
genesis-to-quantum\gtq-08-god-doesnt-need-a-clock.html,2
genesis-to-quantum\gtq-08a-the-temporal-trap.html,1
genesis-to-quantum\gtq-08b-how-god-restores.html,1
genesis-to-quantum\gtq-08c-science-behind-restoration.html,1
genesis-to-quantum\gtq-09-decoherence-curve.html,1
genesis-to-quantum\gtq-09-same-god-both-testaments.html,2
genesis-to-quantum\gtq-09a-regime-dependent-theology.html,1
genesis-to-quantum\gtq-09b-civilizational-decay.html,1
genesis-to-quantum\gtq-10-how-lies-kill.html,1
genesis-to-quantum\gtq-10-the-counter-move.html,2
genesis-to-quantum\gtq-10a-why-the-pattern-is-the-signal.html,1
genesis-to-quantum\gtq-11-substrate-fractured.html,1
genesis-to-quantum\gtq-12-trinity-mechanism.html,1
genesis-to-quantum\gtq-13-trinity-timeline.html,1
genesis-to-quantum\gtq-14-physics-broken-in-two.html,1
genesis-to-quantum\gtq-15-reality-needs-three.html,1
genesis-to-quantum\gtq-15-why-reality-needs-three.html,1
genesis-to-quantum\gtq-16-photon-isnt-watching.html,1
genesis-to-quantum\gtq-17-ran-the-numbers.html,2
genesis-to-quantum\gtq-18-eraser-and-cross.html,1
genesis-to-quantum\gtq-18-eraser-and-the-cross.html,1
genesis-to-quantum\gtq-19-temporal-trap.html,1
genesis-to-quantum\gtq-20-how-god-restores.html,1
genesis-to-quantum\gtq-21-science-behind-restoration.html,1
genesis-to-quantum\gtq-22-same-god-both-testaments.html,1
genesis-to-quantum\gtq-23-regime-dependent-theology.html,1
genesis-to-quantum\gtq-24-societies-die-same-way.html,1
genesis-to-quantum\gtq-24-societies-die.html,1
genesis-to-quantum\gtq-25-counter-move.html,1
genesis-to-quantum\gtq-26-pattern-is-the-signal.html,1
genesis-to-quantum\index-gtq.html,4
genesis-to-quantum\index.html,4
genesis-to-quantum\intro\gtq-01-measurement-collapsed-reality-N.html,7
genesis-to-quantum\intro\index.html,4
genesis-to-quantum\intro\information-theoretic-form.html,2
genesis-to-quantum\intro\paper-template.html,2
genesis-to-quantum\intro\theophysics-blackboard.html,6
genesis-to-quantum\iso\iso-001-gravity-sin.html,4
genesis-to-quantum\iso\iso-002-superposition-eden.html,3
genesis-to-quantum\iso\iso-003-collapse-fall.html,3
genesis-to-quantum\iso\iso-004-born-rule-trinity.html,3
genesis-to-quantum\iso\iso-005-decoherence-lifespan.html,4
genesis-to-quantum\iso\iso-006-coherence-salvation.html,4
genesis-to-quantum\iso\iso-007-substrate-fracture.html,3
genesis-to-quantum\iso\iso-008-eraser-atonement.html,4
genesis-to-quantum\iso\iso-009-entropy-wages-sin.html,4
genesis-to-quantum\iso\iso-011-seven-attacks-counters.html,3
genesis-to-quantum\template-deepdive.html,1
genesis-to-quantum\template-main.html,1
genesis-to-quantum\the-93-year-floor.html,4
genesis-to-quantum\video-library.html,1
glossary\index-kimi.html,39
glossary\index.html,41
index _site.html,14
index.html,14
Introduction to Theophysics\01-an-introduction-to-theophysics.html,5
Introduction to Theophysics\02-the-coherence-metric.html,1
Introduction to Theophysics\03-the-only-top-down-framework.html,5
Introduction to Theophysics\05-fruits-of-the-spirit.html,1
Introduction to Theophysics\06-the-scientific-method-redux.html,4
Introduction to Theophysics\07-master-coherence-analysis.html,4
Introduction to Theophysics\08-the-thermodynamics-of-grace.html,2
Introduction to Theophysics\09-church-debris-audit.html,1
Introduction to Theophysics\10-cliodynamic-analysis-great-demoralization.html,1
Introduction to Theophysics\11-constitutional-overlay-analysis.html,1
Introduction to Theophysics\12-reverse-sequence-hypothesis.html,1
Introduction to Theophysics\index.html,4
isomorphism\00_readme.html,2
isomorphism\aaa-000_classification_framework.html,5
isomorphism\aaa-001_mathematical_boundary_conditions.html,10
isomorphism\aaa-002_bec_soteriology_audit.html,3
isomorphism\aaa-003_promotion_checklist.html,9
isomorphism\evidence-three-way-isomorphism.html,1
isomorphism\index.html,4
isomorphism\iso-000_24_property_identity.html,3
isomorphism\iso-001-gravity-sin.html,4
isomorphism\iso-001_gravity_sin.html,7
isomorphism\iso-001_trinity_mathematical_structure.html,1
isomorphism\iso-002-superposition-eden.html,3
isomorphism\iso-002_strong_force_covenant.html,9
isomorphism\iso-002_terminus_sui_grace.html,1
isomorphism\iso-003-collapse-fall.html,3
isomorphism\iso-003_em_truth.html,5
isomorphism\iso-003_entropy_sin.html,1
isomorphism\iso-004-born-rule-trinity.html,5
isomorphism\iso-004_quantum_collapse_fall.html,1
isomorphism\iso-004_weak_force_free_will.html,4
isomorphism\iso-005-decoherence-lifespan.html,5
isomorphism\iso-005_fiat_phantom_energy.html,2
isomorphism\iso-006-008_info_qm_gr.html,8
isomorphism\iso-006-coherence-salvation.html,5
isomorphism\iso-006_information_primacy.html,2
isomorphism\iso-007-substrate-fracture.html,5
isomorphism\iso-007_self_grounding_substrate.html,2
isomorphism\iso-008-eraser-atonement.html,4
isomorphism\iso-008_coherence_order.html,4
isomorphism\iso-009-010_cosmology_coherence.html,3
isomorphism\iso-009-entropy-wages-sin.html,6
isomorphism\iso-009_compression_simplicity.html,1
isomorphism\iso-010_observer_participation.html,1
isomorphism\iso-011-seven-attacks-counters.html,3
isomorphism\iso-011_superposition_collapse.html,1
isomorphism\iso-011_superposition_mystery.html,4
isomorphism\iso-012_sign_eigenvalue.html,3
isomorphism\iso-012_sign_operator.html,4
isomorphism\iso-013_grace_operator.html,5
isomorphism\iso-013_grace_projection.html,3
isomorphism\iso-014_soul_field.html,1
isomorphism\iso-015_coherence_virtue.html,3
isomorphism\iso-015_moral_physics.html,5
isomorphism\iso-016_eschatological_attractors.html,4
isomorphism\iso-016_logistic_attractor.html,3
isomorphism\iso-017_modified_einstein.html,5
isomorphism\iso-017_quantum_gravity_unification.html,5
isomorphism\iso-018_cosmological_grace.html,8
isomorphism\iso-018_dynamic_grace.html,3
isomorphism\iso-019_boundary_conditions.html,5
isomorphism\iso-019_boundary_covenant.html,4
isomorphism\iso-020_ai_consciousness.html,3
isomorphism\iso-021_falsifiability_architecture.html,1
isomorphism\iso-022_lagrangian_unity.html,11
isomorphism\iso-022_ten_laws_integration.html,1
isomorphism\iso-023_consilience.html,1
isomorphism\iso-024_worldview_uniqueness.html,1
isomorphism\iso-025_immunology_soteriology.html,1
isomorphism\iso-026_addiction_sin.html,4
isomorphism\iso-026_addiction_sin_bondage.html,1
isomorphism\iso-027_epidemiology_sin.html,4
isomorphism\iso-027_epidemiology_sin_propagation.html,1
isomorphism\iso-027_sir_hamartiology.html,3
isomorphism\iso-028_ecology_ecclesiology.html,5
isomorphism\iso-028_shannon_ecclesiology.html,2
isomorphism\iso-029_music_theory_trinitarian_harmony.html,1
isomorphism\iso-030_central_dogma_scripture.html,2
isomorphism\iso-030_genetics_scriptural_transmission.html,1
isomorphism\iso-030_genetics_scripture.html,6
isomorphism\iso-031_network_ecclesiology.html,6
isomorphism\iso-031_network_science_ecclesiology.html,1
isomorphism\iso-031_scalefree_growth.html,2
isomorphism\iso-032_attachment_prayer.html,2
isomorphism\iso-032_attachment_theory_prayer_worship.html,1
isomorphism\iso-033_hill_equation_grace.html,2
isomorphism\iso-033_pharmacology_grace.html,4
isomorphism\iso-033_pharmacology_grace_mechanics.html,1
isomorphism\iso-034_control_theory_providence.html,4
isomorphism\iso-034_pid_providence.html,2
isomorphism\iso-035_cryptography_mystery_revelation.html,1
isomorphism\iso-036_fluid_dynamics_pneumatology.html,1
isomorphism\iso-036_fluid_pneumatology.html,6
isomorphism\iso-036_navierstokes_pneuma.html,2
isomorphism\iso-037_beer_lambert.html,2
isomorphism\iso-037_beer_lambert_transaction_extraction.html,1
isomorphism\iso-038_fulbright_isomorphism.html,1
isomorphism\Isomorphic.html,4
isomorphism\Isomorphism_Registry.html,6
isomorphism\process-001_bec_soteriology.html,4
isomorphism\structural-isomorphi1sm.html,3
isomorphism\structural-isomorphism.html,3
isomorphism\trinity-001_universal_domain.html,3
john-templeton\created-intelligence-templeton.html,2
john-templeton\evidence-packet-2026-07-11\templeton-definitive-test.html,1
john-templeton\templeton-2026-positioning-brief.html,9
lean4\Kimi_Agent_LEAN-4\index.html,1
lean4\lean4-corpus.html,5
lean4\lean4-index.html,6
lean4\propagation_map.html,1
master-equation\index.html,5
master-equation\MASTER_EQUATION_LANDING.html,2
master-equation\meq-01-G-grace.html,1
master-equation\meq-02-M-meaning.html,1
master-equation\meq-03-E-truth.html,1
master-equation\meq-04-S-entropy.html,1
master-equation\meq-05-T-logos.html,1
master-equation\meq-06-K-love.html,1
master-equation\meq-07-R-relationship.html,1
master-equation\meq-08-Q-faith.html,1
master-equation\meq-09-F-sin.html,1
master-equation\meq-10-C-coherence.html,1
master-equation\meq-Formalism.html,1
master-equation\O-09_Variables-and-Laws\index.html,5
master-equation\O-09_Variables-and-Laws\law-01-G-grace.html,2
master-equation\O-09_Variables-and-Laws\law-02-M-meaning.html,2
master-equation\O-09_Variables-and-Laws\law-03-E-truth.html,2
master-equation\O-09_Variables-and-Laws\law-04-S-entropy.html,2
master-equation\O-09_Variables-and-Laws\law-05-T-logos.html,3
master-equation\O-09_Variables-and-Laws\law-06-K-love.html,2
master-equation\O-09_Variables-and-Laws\law-07-R-relationship.html,2
master-equation\O-09_Variables-and-Laws\law-08-Q-faith.html,2
master-equation\O-09_Variables-and-Laws\law-09-F-sin.html,2
master-equation\O-09_Variables-and-Laws\law-10-C-coherence.html,2
master-equation\O-09_Variables-and-Laws\variable-C-coherence.html,2
master-equation\O-09_Variables-and-Laws\variable-E-truth.html,2
master-equation\O-09_Variables-and-Laws\variable-F-sin-decay.html,2
master-equation\O-09_Variables-and-Laws\variable-G-grace.html,2
master-equation\O-09_Variables-and-Laws\variable-K-love.html,2
master-equation\O-09_Variables-and-Laws\variable-M-meaning.html,2
master-equation\O-09_Variables-and-Laws\variable-Q-faith.html,2
master-equation\O-09_Variables-and-Laws\variable-R-relationship.html,2
master-equation\O-09_Variables-and-Laws\variable-S-entropy.html,2
master-equation\O-09_Variables-and-Laws\variable-T-logos.html,2
master_story_index.html,2
mda\00-entry-and-series-map\index.html,1
mda\00-entry-and-series-map\MDA-000-series-map.html,1
mda\01-story-thread\MDA-001-story-introduction.html,1
mda\01-story-thread\MDA-002-samuel-1900.html,1
mda\01-story-thread\MDA-008-henry-1926.html,1
mda\01-story-thread\MDA-011-collective-security-1930.html,1
mda\01-story-thread\MDA-012-william-1950.html,1
mda\01-story-thread\MDA-016-thomas-1974.html,1
mda\01-story-thread\MDA-031-jacob-1998.html,1
mda\01-story-thread\MDA-050-jacob-2025.html,1
mda\02-method-and-metrics\MDA-003-measuring-moral-health-academic.html,1
mda\02-method-and-metrics\MDA-003-measuring-moral-health-easy.html,1
mda\02-method-and-metrics\MDA-003-measuring-moral-health.html,1
mda\02-method-and-metrics\MDA-004-facts-framework-academic.html,1
mda\02-method-and-metrics\MDA-004-facts-framework-easy.html,1
mda\02-method-and-metrics\MDA-004-facts-framework.html,1
mda\02-method-and-metrics\MDA-006-research-method-academic.html,1
mda\02-method-and-metrics\MDA-006-research-method-easy.html,1
mda\02-method-and-metrics\MDA-006-research-method.html,1
mda\02-method-and-metrics\MDA-007-nine-domains-academic.html,1
mda\02-method-and-metrics\MDA-007-nine-domains-easy.html,1
mda\02-method-and-metrics\MDA-007-nine-domains.html,1
mda\02-method-and-metrics\MDA-037-biaxiosum-audit-academic.html,1
mda\02-method-and-metrics\MDA-037-biaxiosum-audit-easy.html,1
mda\02-method-and-metrics\MDA-037-biaxiosum-audit.html,1
mda\02-method-and-metrics\MDA-038-coherence-metric-academic.html,1
mda\02-method-and-metrics\MDA-038-coherence-metric-easy.html,1
mda\02-method-and-metrics\MDA-038-coherence-metric.html,1
mda\02-method-and-metrics\MDA-039-physics-of-coherence-academic.html,1
mda\02-method-and-metrics\MDA-039-physics-of-coherence-easy.html,1
mda\02-method-and-metrics\MDA-039-physics-of-coherence.html,1
mda\02-method-and-metrics\MDA-040-statistical-synthesis-academic.html,1
mda\02-method-and-metrics\MDA-040-statistical-synthesis-easy.html,1
mda\02-method-and-metrics\MDA-040-statistical-synthesis.html,1
mda\02-method-and-metrics\MDA-041-statistical-spine-academic.html,3
mda\02-method-and-metrics\MDA-041-statistical-spine-easy.html,3
mda\02-method-and-metrics\MDA-041-statistical-spine.html,3
mda\03-evidence-chronology\MDA-005-empirical-evidence.html,1
mda\03-evidence-chronology\MDA-009-the-1900-baseline.html,1
mda\03-evidence-chronology\MDA-010-pre-modern-baseline.html,1
mda\03-evidence-chronology\MDA-013-peak-coherence-1940.html,4
mda\03-evidence-chronology\MDA-014-fissure-1950.html,1
mda\03-evidence-chronology\MDA-015-long-decline.html,1
mda\03-evidence-chronology\MDA-017-unraveling-1960.html,1
mda\03-evidence-chronology\MDA-018-great-decoupling-1968.html,1
mda\03-evidence-chronology\MDA-019-current-state-2024.html,1
mda\04-collapse-mechanisms\MDA-020-phase-transition.html,1
mda\04-collapse-mechanisms\MDA-021-anatomy-of-phase-transition.html,1
mda\04-collapse-mechanisms\MDA-022-cascade.html,1
mda\04-collapse-mechanisms\MDA-023-coherence-cascade.html,1
mda\04-collapse-mechanisms\MDA-024-semantic-collapse.html,3
mda\04-collapse-mechanisms\MDA-025-cognitive-decline.html,3
mda\04-collapse-mechanisms\MDA-026-spiritual-collapse.html,3
mda\04-collapse-mechanisms\MDA-027-signal-went-dark.html,1
mda\04-collapse-mechanisms\MDA-028-phantom-money.html,1
mda\04-collapse-mechanisms\MDA-029-observer-collapsed.html,3
mda\04-collapse-mechanisms\MDA-030-trinity-mechanism.html,5
mda\04-collapse-mechanisms\MDA-032-why-bad-is-easier.html,1
mda\04-collapse-mechanisms\MDA-033-entropic-society.html,1
mda\04-collapse-mechanisms\MDA-034-technology-entropy.html,1
mda\04-collapse-mechanisms\MDA-035-great-reconfiguration.html,1
mda\04-collapse-mechanisms\MDA-036-regulatory-impulse-1900.html,1
mda\05-amish-and-case-studies\MDA-042-amish-exception-THE-CLAIM.html,1
mda\05-amish-and-case-studies\MDA-043-amish-proof-THE-PROOF.html,1
mda\05-amish-and-case-studies\MDA-044-amish-control-study-THE-METHOD.html,3
mda\05-amish-and-case-studies\MDA-045-amish-control-group-THE-DATA.html,1
mda\05-amish-and-case-studies\MDA-046-amish-demographics-THE-NUMBERS.html,1
mda\05-amish-and-case-studies\MDA-047-amish-tech-filter-THE-FILTER.html,1
mda\05-amish-and-case-studies\MDA-048-ordnung-algorithm-THE-MECHANISM.html,1
mda\05-amish-and-case-studies\MDA-049-coherence-factory-THE-SYNTHESIS.html,1
mda\05-amish-and-case-studies\MDA-051-korea-experiment.html,1
mda\06-recovery-and-synthesis\MDA-052-individual-recovery.html,1
mda\06-recovery-and-synthesis\MDA-053-the-question.html,1
mda\06-recovery-and-synthesis\MDA-054-way-back.html,3
mda\90-appendices-and-source-packets\MDA-900-appendix-original-introduction.html,1
mda\90-appendices-and-source-packets\MDA-901-appendix-america-index.html,5
mda\90-appendices-and-source-packets\MDA-902-appendix-trans-domain-analysis.html,1
mda\90-appendices-and-source-packets\MDA-903-appendix-series-home.html,2
mda\90-appendices-and-source-packets\MDA-904-appendix-sample.html,3
mda\90-appendices-and-source-packets\MDA-905-appendix-timeline.html,1
mda\90-appendices-and-source-packets\MDA-906-appendix-93-year-floor.html,3
mda\components\mtl-reader-bar.html,1
mda\components\tp-pill-player.html,1
mda\index.html,3
mda\reading-order.html,1
media\index-kimi.html,4
media\index.html,3
moral-decline\00-entry-and-series-map\index.html,5
moral-decline\00-entry-and-series-map\MDA-000-series-map.html,1
moral-decline\01-story-thread\index.html,2
moral-decline\01-story-thread\MDA-001-story-introduction.html,1
moral-decline\01-story-thread\MDA-002-samuel-1900.html,1
moral-decline\01-story-thread\MDA-008-henry-1926.html,1
moral-decline\01-story-thread\MDA-012-william-1950.html,1
moral-decline\01-story-thread\MDA-016-thomas-1974.html,1
moral-decline\01-story-thread\MDA-031-jacob-1998.html,1
moral-decline\01-story-thread\MDA-050-jacob-2025.html,1
moral-decline\02-method-and-metrics\index.html,2
moral-decline\02-method-and-metrics\MDA-003-measuring-moral-health.html,1
moral-decline\02-method-and-metrics\MDA-006-research-method.html,1
moral-decline\02-method-and-metrics\MDA-007-nine-domains.html,1
moral-decline\02-method-and-metrics\MDA-037-biaxiosum-audit.html,1
moral-decline\02-method-and-metrics\MDA-038-coherence-metric.html,1
moral-decline\02-method-and-metrics\MDA-039-physics-of-coherence.html,1
moral-decline\02-method-and-metrics\MDA-040-statistical-synthesis.html,1
moral-decline\02-method-and-metrics\MDA-041-statistical-spine.html,1
moral-decline\03-evidence-chronology\index.html,2
moral-decline\03-evidence-chronology\MDA-005-empirical-evidence.html,1
moral-decline\03-evidence-chronology\MDA-009-the-1900-baseline.html,1
moral-decline\03-evidence-chronology\MDA-010-pre-modern-baseline.html,1
moral-decline\03-evidence-chronology\MDA-011-collective-security-1930.html,1
moral-decline\03-evidence-chronology\MDA-013-peak-coherence-1940.html,1
moral-decline\03-evidence-chronology\MDA-014-fissure-1950.html,1
moral-decline\03-evidence-chronology\MDA-015-long-decline.html,1
moral-decline\03-evidence-chronology\MDA-017-unraveling-1960.html,1
moral-decline\03-evidence-chronology\MDA-018-great-decoupling-1968.html,1
moral-decline\03-evidence-chronology\MDA-019-current-state-2024.html,1
moral-decline\04-collapse-mechanisms\index.html,2
moral-decline\04-collapse-mechanisms\MDA-020-phase-transition.html,1
moral-decline\04-collapse-mechanisms\MDA-021-anatomy-of-phase-transition.html,1
moral-decline\04-collapse-mechanisms\MDA-022-cascade.html,1
moral-decline\04-collapse-mechanisms\MDA-023-coherence-cascade.html,2
moral-decline\04-collapse-mechanisms\MDA-024-semantic-collapse.html,1
moral-decline\04-collapse-mechanisms\MDA-025-cognitive-decline.html,1
moral-decline\04-collapse-mechanisms\MDA-026-spiritual-collapse.html,1
moral-decline\04-collapse-mechanisms\MDA-027-signal-went-dark.html,1
moral-decline\04-collapse-mechanisms\MDA-028-phantom-money.html,2
moral-decline\04-collapse-mechanisms\MDA-029-observer-collapsed.html,2
moral-decline\04-collapse-mechanisms\MDA-030-trinity-mechanism.html,1
moral-decline\04-collapse-mechanisms\MDA-032-why-bad-is-easier.html,1
moral-decline\04-collapse-mechanisms\MDA-033-entropic-society.html,1
moral-decline\04-collapse-mechanisms\MDA-034-technology-entropy.html,1
moral-decline\04-collapse-mechanisms\MDA-035-great-reconfiguration.html,1
moral-decline\04-collapse-mechanisms\MDA-036-regulatory-impulse-1900.html,1
moral-decline\05-amish-and-case-studies\index.html,2
moral-decline\05-amish-and-case-studies\MDA-042-amish-exception-THE-CLAIM.html,1
moral-decline\05-amish-and-case-studies\MDA-043-amish-proof-THE-PROOF.html,2
moral-decline\05-amish-and-case-studies\MDA-044-amish-control-study-THE-METHOD.html,1
moral-decline\05-amish-and-case-studies\MDA-045-amish-control-group-THE-DATA.html,1
moral-decline\05-amish-and-case-studies\MDA-046-amish-demographics-THE-NUMBERS.html,1
moral-decline\05-amish-and-case-studies\MDA-047-amish-tech-filter-THE-FILTER.html,1
moral-decline\05-amish-and-case-studies\MDA-048-ordnung-algorithm-THE-MECHANISM.html,1
moral-decline\05-amish-and-case-studies\MDA-049-coherence-factory-THE-SYNTHESIS.html,1
moral-decline\05-amish-and-case-studies\MDA-051-korea-experiment.html,1
moral-decline\06-recovery-and-synthesis\index.html,2
moral-decline\06-recovery-and-synthesis\MDA-052-individual-recovery.html,1
moral-decline\06-recovery-and-synthesis\MDA-053-the-question.html,1
moral-decline\06-recovery-and-synthesis\MDA-054-way-back.html,2
moral-decline\90-appendices-and-source-packets\index.html,2
moral-decline\90-appendices-and-source-packets\MDA-900-appendix-original-introduction.html,1
moral-decline\90-appendices-and-source-packets\MDA-901-appendix-america-index.html,1
moral-decline\90-appendices-and-source-packets\MDA-902-appendix-trans-domain-analysis.html,1
moral-decline\90-appendices-and-source-packets\MDA-903-appendix-series-home.html,1
moral-decline\90-appendices-and-source-packets\MDA-904-appendix-sample.html,1
moral-decline\90-appendices-and-source-packets\MDA-905-appendix-timeline.html,1
moral-decline\90-appendices-and-source-packets\MDA-906-appendix-93-year-floor.html,1
moral-decline\mda-01-introduction.html,1
moral-decline\mda-02-phase-transition.html,1
moral-decline\mda-03-semantic-collapse.html,3
moral-decline\mda-04-cognitive-decline.html,3
moral-decline\mda-05-spiritual-collapse.html,3
moral-decline\mda-06-signal-went-dark.html,3
moral-decline\mda-07-phantom-money.html,1
moral-decline\mda-08-observer-collapsed.html,3
moral-decline\mda-09-amish-proof.html,1
moral-decline\mda-10-way-back.html,3
moral-decline\mda-america.html,5
moral-decline\mda-facts-paper.html,3
moral-decline\mda-of-america.html,2
moral-decline\mda-research-method.html,1
moral-decline\mda-SAMPLE.html,3
moral-decline\mda-technology-entropy-moral-decline.html,1
moral-decline\mda-the-biaxiosum-audit.html,1
moral-decline\mda-the-coherence-metric.html,1
moral-decline\mda-the-empirical-evidence.html,1
moral-decline\mda-the-entropic-society.html,1
moral-decline\mda-the-great-reconfiguration.html,1
moral-decline\mda-the-regulatory-impulse-1900.html,1
moral-decline\mda-the-trinity-mechanism.html,5
moral-decline\mda-timeline-american-moral-decline.html,1
moral-decline\mda-why-the-bad-is-easier.html,1
moral-decline\NEWindex.html,1
moral-decline\stories\index.html,2
moral-decline\stories\mda-COHERENCE_CASCADE.html,1
moral-decline\stories\mda-STATISTICAL_SYNTHESIS.html,1
moral-decline\stories\mda-story-00-introduction.html,1
moral-decline\stories\mda-story-01-samuel-1900.html,1
moral-decline\stories\mda-story-02-henry-1926.html,1
moral-decline\stories\mda-story-03-william-1950.html,1
moral-decline\stories\mda-story-04-thomas-1974.html,1
moral-decline\stories\mda-story-05-jacob-1998.html,1
moral-decline\stories\mda-story-06-jacob-2025.html,1
one-page-stories\index.html,2
one-page-stories\language-evidence\what-the-english-language-knows-about-god.html,1
one-page-stories\Math all\DT-000_Math_Before_Matter.html,2
one-page-stories\Math all\DT-001_Math_Is_Moral.html,4
one-page-stories\Math all\DT-002_Trinity_Requirement.html,3
one-page-stories\Math all\DT-005_Unforced_Consensus.html,2
one-page-stories\Math all\DT_Thesis_Hub.html,2
one-page-stories\Math all\The_Nucleation_Thesis.html,1
one-page-stories\measure-and-judgment\the-93-year-floor.html,2
one-page-stories\starting-point\dictionary.html,2
one-page-stories\starting-point\structural-isomorphism.html,1
one-page-stories\starting-point\the-floor-beneath-the-floor.html,1
one-page-stories\Templeton\lean4-corpus.html,4
one-page-stories\Templeton\The Method and the Mystery.html,3
one-page-stories\Templeton\The Watcher.html,1
one-page-stories\Templeton\the-bilateral-audit-lean4.html,1
one-page-stories\Templeton\the-bilateral-audit.html,2
one-page-stories\truth-and-pushback\index.html,1
one-page-stories\truth-and-pushback\theophysics-the-full-explanation-interlude.html,2
podcast\index.html,9
proof-architecture\pa-00-bundle-viewer.html,2
proof-architecture\pa-01-unavoidable-conclusion.html,1
proof-architecture\pa-02-foundation.html,1
proof-architecture\pa-03-ontological-tree.html,2
proof-architecture\pa-04-bifurcation.html,1
proof-architecture\pa-05-structural-isomorphism.html,3
proof-architecture\pa-06-subsystems.html,1
proof-architecture\pa-07-closure.html,1
proof-architecture\pa-08-falsification.html,1
proof-architecture\pa-09-propagation-map.html,2
proof-architecture\pa-10-evidence.html,1
proof-architecture\pa-11-testable-predictions.html,1
proof-architecture\pa-12-proof-explorer.html,2
proof-architecture\pa-13-logical-framework.html,3
proof-explorer\index.html,5
proof-explorer\mda-grades.html,1
proof-explorer\mda-scorecards\PI_MDA-001-story-introduction.html,1
proof-explorer\mda-scorecards\PI_MDA-002-samuel-1900.html,1
proof-explorer\mda-scorecards\PI_MDA-003-measuring-moral-health.html,1
proof-explorer\mda-scorecards\PI_MDA-004-facts-framework.html,1
proof-explorer\mda-scorecards\PI_MDA-005-empirical-evidence.html,1
proof-explorer\mda-scorecards\PI_MDA-006-research-method.html,1
proof-explorer\mda-scorecards\PI_MDA-007-nine-domains.html,1
proof-explorer\mda-scorecards\PI_MDA-008-henry-1926.html,1
proof-explorer\mda-scorecards\PI_MDA-009-the-1900-baseline.html,1
proof-explorer\mda-scorecards\PI_MDA-010-pre-modern-baseline.html,1
proof-explorer\mda-scorecards\PI_MDA-011-collective-security-1930.html,1
proof-explorer\mda-scorecards\PI_MDA-012-william-1950.html,1
proof-explorer\mda-scorecards\PI_MDA-013-peak-coherence-1940.html,1
proof-explorer\mda-scorecards\PI_MDA-014-fissure-1950.html,1
proof-explorer\mda-scorecards\PI_MDA-015-long-decline.html,1
proof-explorer\mda-scorecards\PI_MDA-016-thomas-1974.html,1
proof-explorer\mda-scorecards\PI_MDA-017-unraveling-1960.html,1
proof-explorer\mda-scorecards\PI_MDA-018-great-decoupling-1968.html,1
proof-explorer\mda-scorecards\PI_MDA-019-current-state-2024.html,1
proof-explorer\mda-scorecards\PI_MDA-020-phase-transition.html,1
proof-explorer\mda-scorecards\PI_MDA-021-anatomy-of-phase-transition.html,1
proof-explorer\mda-scorecards\PI_MDA-022-cascade.html,1
proof-explorer\mda-scorecards\PI_MDA-023-coherence-cascade.html,1
proof-explorer\mda-scorecards\PI_MDA-024-semantic-collapse.html,1
proof-explorer\mda-scorecards\PI_MDA-025-cognitive-decline.html,1
proof-explorer\mda-scorecards\PI_MDA-026-spiritual-collapse.html,1
proof-explorer\mda-scorecards\PI_MDA-027-signal-went-dark.html,1
proof-explorer\mda-scorecards\PI_MDA-028-phantom-money.html,1
proof-explorer\mda-scorecards\PI_MDA-029-observer-collapsed.html,1
proof-explorer\mda-scorecards\PI_MDA-030-trinity-mechanism.html,1
proof-explorer\mda-scorecards\PI_MDA-031-jacob-1998.html,1
proof-explorer\mda-scorecards\PI_MDA-032-why-bad-is-easier.html,1
proof-explorer\mda-scorecards\PI_MDA-033-entropic-society.html,1
proof-explorer\mda-scorecards\PI_MDA-034-technology-entropy.html,1
proof-explorer\mda-scorecards\PI_MDA-035-great-reconfiguration.html,1
proof-explorer\mda-scorecards\PI_MDA-036-regulatory-impulse-1900.html,1
proof-explorer\mda-scorecards\PI_MDA-037-biaxiosum-audit.html,1
proof-explorer\mda-scorecards\PI_MDA-038-coherence-metric.html,1
proof-explorer\mda-scorecards\PI_MDA-039-physics-of-coherence.html,1
proof-explorer\mda-scorecards\PI_MDA-040-statistical-synthesis.html,1
proof-explorer\mda-scorecards\PI_MDA-041-statistical-spine.html,1
proof-explorer\mda-scorecards\PI_MDA-042-amish-exception-THE-CLAIM.html,1
proof-explorer\mda-scorecards\PI_MDA-043-amish-proof-THE-PROOF.html,1
proof-explorer\mda-scorecards\PI_MDA-044-amish-control-study-THE-METHOD.html,1
proof-explorer\mda-scorecards\PI_MDA-045-amish-control-group-THE-DATA.html,1
proof-explorer\mda-scorecards\PI_MDA-046-amish-demographics-THE-NUMBERS.html,1
proof-explorer\mda-scorecards\PI_MDA-047-amish-tech-filter-THE-FILTER.html,1
proof-explorer\mda-scorecards\PI_MDA-048-ordnung-algorithm-THE-MECHANISM.html,1
proof-explorer\mda-scorecards\PI_MDA-049-coherence-factory-THE-SYNTHESIS.html,1
proof-explorer\mda-scorecards\PI_MDA-050-jacob-2025.html,1
proof-explorer\mda-scorecards\PI_MDA-051-korea-experiment.html,1
proof-explorer\mda-scorecards\PI_MDA-052-individual-recovery.html,1
proof-explorer\mda-scorecards\PI_MDA-053-the-question.html,1
proof-explorer\mda-scorecards\PI_MDA-054-way-back.html,1
proof-explorer\mda-scorecards\PI_MDA-900-appendix-original-introduction.html,1
proof-explorer\mda-scorecards\PI_MDA-901-appendix-america-index.html,1
proof-explorer\mda-scorecards\PI_MDA-902-appendix-trans-domain-analysis.html,1
proof-explorer\mda-scorecards\PI_MDA-903-appendix-series-home.html,1
proof-explorer\mda-scorecards\PI_MDA-904-appendix-sample.html,1
proof-explorer\mda-scorecards\PI_MDA-905-appendix-timeline.html,1
proof-explorer\mda-scorecards\PI_MDA-906-appendix-93-year-floor.html,1
redirects\theophysics-glossary.html,1
revolution-of-truth\drv-00-the-argument.html,2
revolution-of-truth\drv-02-the-lock.html,1
revolution-of-truth\drv-03-the-cost-of-denial.html,6
revolution-of-truth\drv-04-the-key.html,4
revolution-of-truth\drv-06-the-cycle.html,4
revolution-of-truth\index.html,3
rigor\index.html,5
rigor\Rigor MDA.html,5
rigor\uspf.html,1
subdomains\equation\index-kimi.html,3
subdomains\equation\index.html,3
subdomains\glossary\index-kimi.html,39
subdomains\glossary\index.html,41
subdomains\lean4\lean4-index.html,6
subdomains\media\index-kimi.html,4
subdomains\media\index.html,7
subdomains\papers\cross-domain\01-an-introduction-to-theophysics.html,2
subdomains\papers\genesis-to-quantum\theophysics-blackboard.html,2
subdomains\papers\one-page-stories\theophysics-blackboard.html,2
subdomains\papers\one-page-stories\theophysics-the-full-explanation.html,2
subdomains\papers\truth-and-pushback\index.html,3
subdomains\papers\truth-and-pushback\theophysics-blackboard.html,2
subdomains\papers\truth-and-pushback\theophysics-the-full-explanation.canonical.html,2
subdomains\papers\truth-and-pushback\theophysics-the-full-explanation.html,2
subdomains\podcast\index.html,9
subdomains\proof-explorer\index.html,5
subdomains\proof-explorer\mda-grades.html,1
subdomains\proof-explorer\mda-scorecards\PI_MDA-001-story-introduction.html,1
subdomains\proof-explorer\mda-scorecards\PI_MDA-002-samuel-1900.html,1
subdomains\proof-explorer\mda-scorecards\PI_MDA-003-measuring-moral-health.html,1
subdomains\proof-explorer\mda-scorecards\PI_MDA-004-facts-framework.html,1
subdomains\proof-explorer\mda-scorecards\PI_MDA-005-empirical-evidence.html,1
subdomains\proof-explorer\mda-scorecards\PI_MDA-006-research-method.html,1
subdomains\proof-explorer\mda-scorecards\PI_MDA-007-nine-domains.html,1
subdomains\proof-explorer\mda-scorecards\PI_MDA-008-henry-1926.html,1
subdomains\proof-explorer\mda-scorecards\PI_MDA-009-the-1900-baseline.html,1
subdomains\proof-explorer\mda-scorecards\PI_MDA-010-pre-modern-baseline.html,1
subdomains\proof-explorer\mda-scorecards\PI_MDA-011-collective-security-1930.html,1
subdomains\proof-explorer\mda-scorecards\PI_MDA-012-william-1950.html,1
subdomains\proof-explorer\mda-scorecards\PI_MDA-013-peak-coherence-1940.html,1
subdomains\proof-explorer\mda-scorecards\PI_MDA-014-fissure-1950.html,1
subdomains\proof-explorer\mda-scorecards\PI_MDA-015-long-decline.html,1
subdomains\proof-explorer\mda-scorecards\PI_MDA-016-thomas-1974.html,1
subdomains\proof-explorer\mda-scorecards\PI_MDA-017-unraveling-1960.html,1
subdomains\proof-explorer\mda-scorecards\PI_MDA-018-great-decoupling-1968.html,1
subdomains\proof-explorer\mda-scorecards\PI_MDA-019-current-state-2024.html,1
subdomains\proof-explorer\mda-scorecards\PI_MDA-020-phase-transition.html,1
subdomains\proof-explorer\mda-scorecards\PI_MDA-021-anatomy-of-phase-transition.html,1
subdomains\proof-explorer\mda-scorecards\PI_MDA-022-cascade.html,1
subdomains\proof-explorer\mda-scorecards\PI_MDA-023-coherence-cascade.html,1
subdomains\proof-explorer\mda-scorecards\PI_MDA-024-semantic-collapse.html,1
subdomains\proof-explorer\mda-scorecards\PI_MDA-025-cognitive-decline.html,1
subdomains\proof-explorer\mda-scorecards\PI_MDA-026-spiritual-collapse.html,1
subdomains\proof-explorer\mda-scorecards\PI_MDA-027-signal-went-dark.html,1
subdomains\proof-explorer\mda-scorecards\PI_MDA-028-phantom-money.html,1
subdomains\proof-explorer\mda-scorecards\PI_MDA-029-observer-collapsed.html,1
subdomains\proof-explorer\mda-scorecards\PI_MDA-030-trinity-mechanism.html,1
subdomains\proof-explorer\mda-scorecards\PI_MDA-031-jacob-1998.html,1
subdomains\proof-explorer\mda-scorecards\PI_MDA-032-why-bad-is-easier.html,1
subdomains\proof-explorer\mda-scorecards\PI_MDA-033-entropic-society.html,1
subdomains\proof-explorer\mda-scorecards\PI_MDA-034-technology-entropy.html,1
subdomains\proof-explorer\mda-scorecards\PI_MDA-035-great-reconfiguration.html,1
subdomains\proof-explorer\mda-scorecards\PI_MDA-036-regulatory-impulse-1900.html,1
subdomains\proof-explorer\mda-scorecards\PI_MDA-037-biaxiosum-audit.html,1
subdomains\proof-explorer\mda-scorecards\PI_MDA-038-coherence-metric.html,1
subdomains\proof-explorer\mda-scorecards\PI_MDA-039-physics-of-coherence.html,1
subdomains\proof-explorer\mda-scorecards\PI_MDA-040-statistical-synthesis.html,1
subdomains\proof-explorer\mda-scorecards\PI_MDA-041-statistical-spine.html,1
subdomains\proof-explorer\mda-scorecards\PI_MDA-042-amish-exception-THE-CLAIM.html,1
subdomains\proof-explorer\mda-scorecards\PI_MDA-043-amish-proof-THE-PROOF.html,1
subdomains\proof-explorer\mda-scorecards\PI_MDA-044-amish-control-study-THE-METHOD.html,1
subdomains\proof-explorer\mda-scorecards\PI_MDA-045-amish-control-group-THE-DATA.html,1
subdomains\proof-explorer\mda-scorecards\PI_MDA-046-amish-demographics-THE-NUMBERS.html,1
subdomains\proof-explorer\mda-scorecards\PI_MDA-047-amish-tech-filter-THE-FILTER.html,1
subdomains\proof-explorer\mda-scorecards\PI_MDA-048-ordnung-algorithm-THE-MECHANISM.html,1
subdomains\proof-explorer\mda-scorecards\PI_MDA-049-coherence-factory-THE-SYNTHESIS.html,1
subdomains\proof-explorer\mda-scorecards\PI_MDA-050-jacob-2025.html,1
subdomains\proof-explorer\mda-scorecards\PI_MDA-051-korea-experiment.html,1
subdomains\proof-explorer\mda-scorecards\PI_MDA-052-individual-recovery.html,1
subdomains\proof-explorer\mda-scorecards\PI_MDA-053-the-question.html,1
subdomains\proof-explorer\mda-scorecards\PI_MDA-054-way-back.html,1
subdomains\proof-explorer\mda-scorecards\PI_MDA-900-appendix-original-introduction.html,1
subdomains\proof-explorer\mda-scorecards\PI_MDA-901-appendix-america-index.html,1
subdomains\proof-explorer\mda-scorecards\PI_MDA-902-appendix-trans-domain-analysis.html,1
subdomains\proof-explorer\mda-scorecards\PI_MDA-903-appendix-series-home.html,1
subdomains\proof-explorer\mda-scorecards\PI_MDA-904-appendix-sample.html,1
subdomains\proof-explorer\mda-scorecards\PI_MDA-905-appendix-timeline.html,1
subdomains\proof-explorer\mda-scorecards\PI_MDA-906-appendix-93-year-floor.html,1
subdomains\rigor\index.html,5
subdomains\rigor\Master-Equation-Complete-Derivation-Chain.html,4
the-bidirectional-audit\index.html,4
the-bidirectional-audit\tba-01-the-bidirectional.html,4
the-bilateral-audit-lean4.html,2
the-bilateral-audit.html,3
theophysics-glossary.html,1
three-gates\the-three-gates.html,2
three-truths\biology.html,1
three-truths\entropy.html,1
three-truths\finetuning.html,1
three-truths\godel.html,1
three-truths\hubble.html,5
three-truths\index.html,1
three-truths\inversion.html,2
three-truths\irony.html,2
three-truths\landauer.html,1
three-truths\prayer.html,3
three-truths\propcosmos.html,1
three-truths\terminus.html,2
three-truths\triad.html,1
videoindex.html,3
