html_file,image_reference,count
mda/00-entry-and-series-map/MDA-000-series-map.html,../images/mda/PHASE_TRANSITION conv 7.webp,1
mda/00-entry-and-series-map/MDA-000-series-map.html,../images/mda/Signal_Blackout conv 5.webp,1
mda/01-story-thread/MDA-001-story-introduction.html,../images/mda/Phantom_Money_Phantom_Morals conv 12.webp,1
mda/01-story-thread/MDA-001-story-introduction.html,../images/mda/The_Observer_Collapsed conv 6.webp,1
mda/01-story-thread/MDA-002-samuel-1900.html,../images/mda/The_Observer_Collapsed conv 12.webp,1
mda/01-story-thread/MDA-008-henry-1926.html,../images/mda/The_Observer_Collapsed conv 13.webp,1
mda/01-story-thread/MDA-008-henry-1926.html,../images/mda/The_Observer_Collapsed conv 7.webp,1
mda/01-story-thread/MDA-011-collective-security-1930.html,../images/mda/Phantom_Money_Phantom_Morals conv 1.webp,1
mda/01-story-thread/MDA-011-collective-security-1930.html,../images/mda/Phantom_Money_Phantom_Morals conv 11.webp,1
mda/01-story-thread/MDA-012-william-1950.html,../images/mda/PHASE_TRANSITION conv 2.webp,1
mda/01-story-thread/MDA-012-william-1950.html,../images/mda/The_1962_Software_Crash conv 4.webp,1
mda/01-story-thread/MDA-016-thomas-1974.html,../images/mda/PHASE_TRANSITION conv 0.webp,1
mda/01-story-thread/MDA-016-thomas-1974.html,../images/mda/The_1962_Software_Crash conv 0.webp,1
mda/01-story-thread/MDA-031-jacob-1998.html,../images/mda/Phantom_Money_Phantom_Morals conv 6.webp,1
mda/01-story-thread/MDA-031-jacob-1998.html,../images/mda/The_Observer_Collapsed conv 0.webp,1
mda/02-method-and-metrics/MDA-003-measuring-moral-health.html,../images/mda/PHASE_TRANSITION conv 11.webp,1
mda/02-method-and-metrics/MDA-003-measuring-moral-health.html,../images/mda/The_Observer_Collapsed conv 9.webp,1
mda/02-method-and-metrics/MDA-004-facts-framework.html,../images/mda/PHASE_TRANSITION conv 3.webp,1
mda/02-method-and-metrics/MDA-004-facts-framework.html,../images/mda/Phantom_Money_Phantom_Morals conv 0.webp,1
mda/02-method-and-metrics/MDA-006-research-method.html,../images/mda/Phantom_Money_Phantom_Morals conv 7.webp,1
mda/02-method-and-metrics/MDA-006-research-method.html,../images/mda/The_Observer_Collapsed conv 5.webp,1
mda/02-method-and-metrics/MDA-007-nine-domains.html,../images/mda/Phantom_Money_Phantom_Morals conv 8.webp,1
mda/02-method-and-metrics/MDA-007-nine-domains.html,../images/mda/Signal_Blackout conv 10.webp,1
mda/03-evidence-chronology/MDA-005-empirical-evidence.html,../images/mda/PHASE_TRANSITION conv 12.webp,1
mda/03-evidence-chronology/MDA-005-empirical-evidence.html,../images/mda/PHASE_TRANSITION conv 8.webp,1
mda/03-evidence-chronology/MDA-009-the-1900-baseline.html,../images/mda/PHASE_TRANSITION conv 5.webp,1
mda/03-evidence-chronology/MDA-009-the-1900-baseline.html,../images/mda/The_1962_Software_Crash conv 2.webp,1
mda/03-evidence-chronology/MDA-010-pre-modern-baseline.html,../images/mda/PHASE_TRANSITION conv 1.webp,1
mda/03-evidence-chronology/MDA-010-pre-modern-baseline.html,../images/mda/PHASE_TRANSITION conv 4.webp,1
mda/03-evidence-chronology/MDA-013-peak-coherence-1940.html,../images/mda/Signal_Blackout conv 11.webp,1
mda/03-evidence-chronology/MDA-013-peak-coherence-1940.html,../images/mda/The_1962_Software_Crash conv 3.webp,1
mda/03-evidence-chronology/MDA-014-fissure-1950.html,../images/mda/Phantom_Money_Phantom_Morals conv 2.webp,1
mda/03-evidence-chronology/MDA-014-fissure-1950.html,../images/mda/The_1962_Software_Crash conv 11.webp,1
mda/03-evidence-chronology/MDA-015-long-decline.html,../images/mda/Signal_Blackout conv 4.webp,1
mda/03-evidence-chronology/MDA-015-long-decline.html,../images/mda/The_1962_Software_Crash conv 1.webp,1
mda/03-evidence-chronology/MDA-017-unraveling-1960.html,../images/mda/PHASE_TRANSITION conv 13.webp,1
mda/03-evidence-chronology/MDA-017-unraveling-1960.html,../images/mda/Signal_Blackout conv 6.webp,1
mda/03-evidence-chronology/MDA-018-great-decoupling-1968.html,../images/mda/The_1962_Software_Crash conv 9.webp,1
mda/03-evidence-chronology/MDA-018-great-decoupling-1968.html,../images/mda/The_Observer_Collapsed conv 8.webp,1
mda/03-evidence-chronology/MDA-019-current-state-2024.html,../images/mda/Phantom_Money_Phantom_Morals conv 9.webp,1
mda/03-evidence-chronology/MDA-019-current-state-2024.html,../images/mda/The_Observer_Collapsed conv 3.webp,1
mda/04-collapse-mechanisms/MDA-020-phase-transition.html,../images/mda/PHASE_TRANSITION conv 10.webp,1
mda/04-collapse-mechanisms/MDA-020-phase-transition.html,../images/mda/Signal_Blackout conv 8.webp,1
mda/04-collapse-mechanisms/MDA-021-anatomy-of-phase-transition.html,../images/mda/Phantom_Money_Phantom_Morals conv 5.webp,1
mda/04-collapse-mechanisms/MDA-021-anatomy-of-phase-transition.html,../images/mda/Signal_Blackout conv 3.webp,1
mda/04-collapse-mechanisms/MDA-022-cascade.html,../images/mda/The_1962_Software_Crash conv 7.webp,1
mda/04-collapse-mechanisms/MDA-022-cascade.html,../images/mda/The_Observer_Collapsed conv 4.webp,1
mda/04-collapse-mechanisms/MDA-023-coherence-cascade.html,../images/mda/Signal_Blackout conv 1.webp,1
mda/04-collapse-mechanisms/MDA-023-coherence-cascade.html,../images/mda/The_Observer_Collapsed conv 1.webp,1
mda/04-collapse-mechanisms/MDA-024-semantic-collapse.html,../images/mda/Phantom_Money_Phantom_Morals conv 10.webp,1
mda/04-collapse-mechanisms/MDA-024-semantic-collapse.html,../images/mda/Phantom_Money_Phantom_Morals conv 3.webp,1
mda/04-collapse-mechanisms/MDA-025-cognitive-decline.html,../images/mda/Signal_Blackout conv 9.webp,1
mda/04-collapse-mechanisms/MDA-025-cognitive-decline.html,../images/mda/The_Observer_Collapsed conv 10.webp,1
mda/04-collapse-mechanisms/MDA-026-spiritual-collapse.html,../images/mda/Signal_Blackout conv 2.webp,1
mda/04-collapse-mechanisms/MDA-026-spiritual-collapse.html,../images/mda/Signal_Blackout conv 7.webp,1
mda/04-collapse-mechanisms/MDA-027-signal-went-dark.html,../images/mda/Signal_Blackout conv 0.webp,1
mda/04-collapse-mechanisms/MDA-027-signal-went-dark.html,../images/mda/The_1962_Software_Crash conv 6.webp,1
mda/04-collapse-mechanisms/MDA-028-phantom-money.html,../images/mda/The_1962_Software_Crash conv 10.webp,1
mda/04-collapse-mechanisms/MDA-028-phantom-money.html,../images/mda/The_Observer_Collapsed conv 2.webp,1
mda/04-collapse-mechanisms/MDA-029-observer-collapsed.html,../images/mda/Signal_Blackout conv 12.webp,1
mda/04-collapse-mechanisms/MDA-029-observer-collapsed.html,../images/mda/The_Observer_Collapsed conv 11.webp,1
mda/04-collapse-mechanisms/MDA-030-trinity-mechanism.html,../images/mda/PHASE_TRANSITION conv 6.webp,1
mda/04-collapse-mechanisms/MDA-030-trinity-mechanism.html,../images/mda/Phantom_Money_Phantom_Morals conv 4.webp,1
mda/04-collapse-mechanisms/MDA-032-why-bad-is-easier.html,../images/mda/The_1962_Software_Crash conv 5.webp,1
mda/04-collapse-mechanisms/MDA-032-why-bad-is-easier.html,../images/mda/The_1962_Software_Crash conv 8.webp,1
mda/04-collapse-mechanisms/MDA-033-entropic-society.html,../images/mda/PHASE_TRANSITION conv 9.webp,1
media/index.html,/images/architecture/framework-spine.webp,1
media/index.html,/images/diagrams/master-equation-full.webp,1
media/index.html,/images/diagrams/ten-laws-map.webp,1
media/index.html,/images/gtq/gtq-01-measurement.webp,1
media/index.html,/images/gtq/gtq-02-threshold.webp,1
media/index.html,/images/gtq/gtq-03-first-state.webp,1
media/index.html,/images/logos-story/lgs-01-hero.webp,1
media/index.html,/images/logos-story/lgs-02-hero.webp,1
media/index.html,/images/logos-story/lgs-03-hero.webp,1
media/index.html,/images/logos-story/lgs-04-hero.webp,1
media/index.html,/images/logos-story/lgs-05-hero.webp,1
media/index.html,/images/logos-story/lgs-06-hero.webp,1
media/index.html,/images/logos-story/lgs-07-hero.webp,1
media/index.html,/images/logos-story/lgs-08-hero.webp,1
media/index.html,/images/logos-story/lgs-09-hero.webp,1
media/index.html,/images/logos-story/lgs-10-hero.webp,1
media/index.html,/images/logos-story/lgs-11-hero.webp,1
media/index.html,/images/logos-story/lgs-12-hero.webp,1
media/index.html,/images/mda/mda-01-intro.webp,1
media/index.html,/images/mda/mda-06-signal.webp,1
media/index.html,/images/slides/substrate_fracture_01.webp,1
media/index.html,/images/slides/substrate_fracture_02.webp,1
media/index.html,/images/slides/substrate_fracture_03.webp,1
media/index.html,/images/slides/substrate_fracture_04.webp,1
media/index.html,/images/slides/substrate_fracture_05.webp,1
moral-decline/00-entry-and-series-map/MDA-000-series-map.html,../images/mda/PHASE_TRANSITION%20conv%207.webp,1
moral-decline/00-entry-and-series-map/MDA-000-series-map.html,../images/mda/Signal_Blackout%20conv%205.webp,1
moral-decline/01-story-thread/MDA-001-story-introduction.html,../images/mda/Phantom_Money_Phantom_Morals%20conv%2012.webp,1
moral-decline/01-story-thread/MDA-001-story-introduction.html,../images/mda/The_Observer_Collapsed%20conv%206.webp,1
moral-decline/01-story-thread/MDA-002-samuel-1900.html,../images/mda/The_Observer_Collapsed%20conv%2012.webp,1
moral-decline/01-story-thread/MDA-008-henry-1926.html,../images/mda/The_Observer_Collapsed%20conv%2013.webp,1
moral-decline/01-story-thread/MDA-008-henry-1926.html,../images/mda/The_Observer_Collapsed%20conv%207.webp,1
moral-decline/01-story-thread/MDA-012-william-1950.html,../images/mda/PHASE_TRANSITION%20conv%202.webp,1
moral-decline/01-story-thread/MDA-012-william-1950.html,../images/mda/The_1962_Software_Crash%20conv%204.webp,1
moral-decline/01-story-thread/MDA-016-thomas-1974.html,../images/mda/PHASE_TRANSITION%20conv%200.webp,1
moral-decline/01-story-thread/MDA-016-thomas-1974.html,../images/mda/The_1962_Software_Crash%20conv%200.webp,1
moral-decline/01-story-thread/MDA-031-jacob-1998.html,../images/mda/Phantom_Money_Phantom_Morals%20conv%206.webp,1
moral-decline/01-story-thread/MDA-031-jacob-1998.html,../images/mda/The_Observer_Collapsed%20conv%200.webp,1
moral-decline/02-method-and-metrics/MDA-003-measuring-moral-health.html,../images/mda/PHASE_TRANSITION%20conv%2011.webp,1
moral-decline/02-method-and-metrics/MDA-003-measuring-moral-health.html,../images/mda/The_Observer_Collapsed%20conv%209.webp,1
moral-decline/02-method-and-metrics/MDA-006-research-method.html,../images/mda/Phantom_Money_Phantom_Morals%20conv%207.webp,1
moral-decline/02-method-and-metrics/MDA-006-research-method.html,../images/mda/The_Observer_Collapsed%20conv%205.webp,1
moral-decline/02-method-and-metrics/MDA-007-nine-domains.html,../images/mda/Phantom_Money_Phantom_Morals%20conv%208.webp,1
moral-decline/02-method-and-metrics/MDA-007-nine-domains.html,../images/mda/Signal_Blackout%20conv%2010.webp,1
moral-decline/03-evidence-chronology/MDA-005-empirical-evidence.html,../images/mda/PHASE_TRANSITION%20conv%2012.webp,1
moral-decline/03-evidence-chronology/MDA-005-empirical-evidence.html,../images/mda/PHASE_TRANSITION%20conv%208.webp,1
moral-decline/03-evidence-chronology/MDA-009-the-1900-baseline.html,../images/mda/PHASE_TRANSITION%20conv%205.webp,1
moral-decline/03-evidence-chronology/MDA-009-the-1900-baseline.html,../images/mda/The_1962_Software_Crash%20conv%202.webp,1
moral-decline/03-evidence-chronology/MDA-010-pre-modern-baseline.html,../images/mda/PHASE_TRANSITION%20conv%201.webp,1
moral-decline/03-evidence-chronology/MDA-010-pre-modern-baseline.html,../images/mda/PHASE_TRANSITION%20conv%204.webp,1
moral-decline/03-evidence-chronology/MDA-011-collective-security-1930.html,../images/mda/Phantom_Money_Phantom_Morals%20conv%201.webp,1
moral-decline/03-evidence-chronology/MDA-011-collective-security-1930.html,../images/mda/Phantom_Money_Phantom_Morals%20conv%2011.webp,1
moral-decline/03-evidence-chronology/MDA-013-peak-coherence-1940.html,../images/mda/Signal_Blackout%20conv%2011.webp,1
moral-decline/03-evidence-chronology/MDA-013-peak-coherence-1940.html,../images/mda/The_1962_Software_Crash%20conv%203.webp,1
moral-decline/03-evidence-chronology/MDA-014-fissure-1950.html,../images/mda/Phantom_Money_Phantom_Morals%20conv%202.webp,1
moral-decline/03-evidence-chronology/MDA-014-fissure-1950.html,../images/mda/The_1962_Software_Crash%20conv%2011.webp,1
moral-decline/03-evidence-chronology/MDA-015-long-decline.html,../images/mda/Signal_Blackout%20conv%204.webp,1
moral-decline/03-evidence-chronology/MDA-015-long-decline.html,../images/mda/The_1962_Software_Crash%20conv%201.webp,1
moral-decline/03-evidence-chronology/MDA-017-unraveling-1960.html,../images/mda/PHASE_TRANSITION%20conv%2013.webp,1
moral-decline/03-evidence-chronology/MDA-017-unraveling-1960.html,../images/mda/Signal_Blackout%20conv%206.webp,1
moral-decline/03-evidence-chronology/MDA-018-great-decoupling-1968.html,../images/mda/The_1962_Software_Crash%20conv%209.webp,1
moral-decline/03-evidence-chronology/MDA-018-great-decoupling-1968.html,../images/mda/The_Observer_Collapsed%20conv%208.webp,1
moral-decline/03-evidence-chronology/MDA-019-current-state-2024.html,../images/mda/Phantom_Money_Phantom_Morals%20conv%209.webp,1
moral-decline/03-evidence-chronology/MDA-019-current-state-2024.html,../images/mda/The_Observer_Collapsed%20conv%203.webp,1
moral-decline/04-collapse-mechanisms/MDA-020-phase-transition.html,../images/mda/PHASE_TRANSITION%20conv%2010.webp,1
moral-decline/04-collapse-mechanisms/MDA-020-phase-transition.html,../images/mda/Signal_Blackout%20conv%208.webp,1
moral-decline/04-collapse-mechanisms/MDA-021-anatomy-of-phase-transition.html,../images/mda/Phantom_Money_Phantom_Morals%20conv%205.webp,1
moral-decline/04-collapse-mechanisms/MDA-021-anatomy-of-phase-transition.html,../images/mda/Signal_Blackout%20conv%203.webp,1
moral-decline/04-collapse-mechanisms/MDA-022-cascade.html,../images/mda/The_1962_Software_Crash%20conv%207.webp,1
moral-decline/04-collapse-mechanisms/MDA-022-cascade.html,../images/mda/The_Observer_Collapsed%20conv%204.webp,1
moral-decline/04-collapse-mechanisms/MDA-023-coherence-cascade.html,../images/mda/Signal_Blackout%20conv%201.webp,1
moral-decline/04-collapse-mechanisms/MDA-024-semantic-collapse.html,../images/mda/Phantom_Money_Phantom_Morals%20conv%2010.webp,1
moral-decline/04-collapse-mechanisms/MDA-024-semantic-collapse.html,../images/mda/Phantom_Money_Phantom_Morals%20conv%203.webp,1
moral-decline/04-collapse-mechanisms/MDA-025-cognitive-decline.html,../images/mda/Signal_Blackout%20conv%209.webp,1
moral-decline/04-collapse-mechanisms/MDA-025-cognitive-decline.html,../images/mda/The_Observer_Collapsed%20conv%2010.webp,1
moral-decline/04-collapse-mechanisms/MDA-026-spiritual-collapse.html,../images/mda/Signal_Blackout%20conv%202.webp,1
moral-decline/04-collapse-mechanisms/MDA-026-spiritual-collapse.html,../images/mda/Signal_Blackout%20conv%207.webp,1
moral-decline/04-collapse-mechanisms/MDA-027-signal-went-dark.html,../images/mda/Signal_Blackout%20conv%200.webp,1
moral-decline/04-collapse-mechanisms/MDA-027-signal-went-dark.html,../images/mda/The_1962_Software_Crash%20conv%206.webp,1
moral-decline/04-collapse-mechanisms/MDA-028-phantom-money.html,../images/mda/The_1962_Software_Crash%20conv%2010.webp,1
moral-decline/04-collapse-mechanisms/MDA-028-phantom-money.html,../images/mda/The_Observer_Collapsed%20conv%202.webp,1
moral-decline/04-collapse-mechanisms/MDA-029-observer-collapsed.html,../images/mda/Signal_Blackout%20conv%2012.webp,1
moral-decline/04-collapse-mechanisms/MDA-029-observer-collapsed.html,../images/mda/The_Observer_Collapsed%20conv%2011.webp,1
moral-decline/04-collapse-mechanisms/MDA-030-trinity-mechanism.html,../images/mda/PHASE_TRANSITION%20conv%206.webp,1
moral-decline/04-collapse-mechanisms/MDA-030-trinity-mechanism.html,../images/mda/Phantom_Money_Phantom_Morals%20conv%204.webp,1
moral-decline/04-collapse-mechanisms/MDA-032-why-bad-is-easier.html,../images/mda/The_1962_Software_Crash%20conv%205.webp,1
moral-decline/04-collapse-mechanisms/MDA-032-why-bad-is-easier.html,../images/mda/The_1962_Software_Crash%20conv%208.webp,1
moral-decline/04-collapse-mechanisms/MDA-033-entropic-society.html,../images/mda/PHASE_TRANSITION%20conv%209.webp,1
subdomains/media/index.html,/images/architecture/framework-spine.webp,1
subdomains/media/index.html,/images/diagrams/master-equation-full.webp,1
subdomains/media/index.html,/images/diagrams/ten-laws-map.webp,1
subdomains/media/index.html,/images/gtq/gtq-01-measurement.webp,1
subdomains/media/index.html,/images/gtq/gtq-02-threshold.webp,1
subdomains/media/index.html,/images/gtq/gtq-03-first-state.webp,1
subdomains/media/index.html,/images/logos-story/lgs-01-hero.webp,1
subdomains/media/index.html,/images/logos-story/lgs-02-hero.webp,1
subdomains/media/index.html,/images/logos-story/lgs-03-hero.webp,1
subdomains/media/index.html,/images/logos-story/lgs-04-hero.webp,1
subdomains/media/index.html,/images/logos-story/lgs-05-hero.webp,1
subdomains/media/index.html,/images/logos-story/lgs-06-hero.webp,1
subdomains/media/index.html,/images/logos-story/lgs-07-hero.webp,1
subdomains/media/index.html,/images/logos-story/lgs-08-hero.webp,1
subdomains/media/index.html,/images/logos-story/lgs-09-hero.webp,1
subdomains/media/index.html,/images/logos-story/lgs-10-hero.webp,1
subdomains/media/index.html,/images/logos-story/lgs-11-hero.webp,1
subdomains/media/index.html,/images/logos-story/lgs-12-hero.webp,1
subdomains/media/index.html,/images/mda/mda-01-intro.webp,1
subdomains/media/index.html,/images/mda/mda-06-signal.webp,1
subdomains/media/index.html,/images/slides/substrate_fracture_01.webp,1
subdomains/media/index.html,/images/slides/substrate_fracture_02.webp,1
subdomains/media/index.html,/images/slides/substrate_fracture_03.webp,1
subdomains/media/index.html,/images/slides/substrate_fracture_04.webp,1
subdomains/media/index.html,/images/slides/substrate_fracture_05.webp,1
