source_path,equation_count
_TEMPLATE.html,0
consciousness-chi-field-action-wrapped.html,129
consciousness-chi-field-action.html,131
consciousness-coherence-bridge-wrapped.html,12
consciousness-coherence-bridge.html,12
consciousness-constraint-argument-wrapped.html,0
consciousness-constraint-argument.html,0
consciousness-evidence-predictions-wrapped.html,4
consciousness-evidence-predictions.html,4
consciousness-free-will-evil-wrapped.html,0
consciousness-free-will-evil.html,2
consciousness-grace-source-term-wrapped.html,13
consciousness-grace-source-term.html,97
consciousness-ontological-taxonomy-wrapped.html,21
consciousness-ontological-taxonomy.html,21
consciousness-parallel-laws-wrapped.html,1
consciousness-parallel-laws.html,13
consciousness-reality-assessment-wrapped.html,23
consciousness-reality-assessment.html,85
consciousness-scientific-convergence-wrapped.html,21
consciousness-scientific-convergence.html,37
index.html,0
